time,Y,EX_Glcxt,EX_Ac,EX_O2,EX_X,lb_EX_Ac,ub_EX_Ac,lb_EX_Glcxt,ub_EX_Glcxt,lb_EX_O2,ub_EX_O2,lb_EX_X,ub_EX_X,Glcxt,Ac,O2,X,dummy_S,bounds__lb_kin_EX_Glcxt,bounds__lb_kin_EX_O2,fba__Glcxt,fba__Ac,fba__O2,fba__X
0.0,0.001,-9.986130374,-1.53375621,-14.999999999,1.094514523,-1000.0,1000.0,-9.986130374479888,1000.0,-15.0,1000.0,-0.01,1000.0,10.8,0.4,0.21,0.001,0.0,-9.986130374479888,-15.0,10.8,0.4,0.21,0.001
0.1,0.001115665906418508,-9.986130374,-1.53375621,-14.999999999,1.094514523,-1000.0,1000.0,-9.986129033388616,1000.0,-15.0,1000.0,-0.01115665906418508,1000.0,10.798954369763267,0.3998703369964973,0.20923996266565234,0.001115665906418508,0.0,-9.986129033388616,-15.0,10.8,0.4,0.21,0.001
0.2,0.0012447104036704053,-9.986129033,-1.533758274,-14.999999999,1.094514434,-1000.0,1000.0,-9.98612753687431,1000.0,-15.0,1000.0,-0.012447104036704052,1000.0,10.797787797015667,0.39972568613644005,0.2087937804697655,0.0012447104036704053,0.0,-9.98612753687431,-15.0,10.8,0.4,0.21,0.001
0.3,0.0013886809344944798,-9.986127536,-1.533760576,-14.999999999,1.094514334,-1000.0,1000.0,-9.986125866885201,1000.0,-15.0,1000.0,-0.013886809344944798,1000.0,10.796486293152066,0.39956431622526756,0.20848555539062114,0.0013886809344944798,0.0,-9.986125866885201,-15.0,10.8,0.4,0.21,0.001
0.4,0.0015493039270259492,-9.986125867,-1.533763146,-14.999999999,1.094514223,-1000.0,1000.0,-9.986124003263244,1000.0,-15.0,1000.0,-0.015493039270259492,1000.0,10.795034251642075,0.39938429641530404,0.20823114373380527,0.0015493039270259492,0.0,-9.986124003263244,-15.0,10.8,0.4,0.21,0.001
0.5,0.0017285054965917558,-9.986124003,-1.533766013,-14.999999999,1.094514098,-1000.0,1000.0,-9.986121923495986,1000.0,-15.0,1000.0,-0.017285054965917555,1000.0,10.793414260911756,0.39918347325787484,0.20798956540416058,0.0017285054965917558,0.0,-9.986121923495986,-15.0,10.8,0.4,0.21,0.001
0.6,0.0019284345430164531,-9.986121923,-1.533769213,-14.999999999,1.09451396,-1000.0,1000.0,-9.986119602438645,1000.0,-15.0,1000.0,-0.01928434543016453,1000.0,10.79160689558551,0.39895944513602577,0.207740059286376,0.0019284345430164531,0.0,-9.986119602438645,-15.0,10.8,0.4,0.21,0.001
0.7,0.0021514885179009335,-9.986119602,-1.533772784,-14.999999999,1.094513805,-1000.0,1000.0,-9.986117012002644,1000.0,-15.0,1000.0,-0.021514885179009333,1000.0,10.789590483588714,0.39870953378535035,0.20747124081293583,0.0021514885179009335,0.0,-9.986117012002644,-15.0,10.8,0.4,0.21,0.001
0.8,0.002400342173567517,-9.986117012,-1.53377677,-14.999999999,1.094513632,-1000.0,1000.0,-9.986114120806407,1000.0,-15.0,1000.0,-0.024003421735675167,1000.0,10.787340846319609,0.39843075257609284,0.20717596902291716,0.002400342173567517,0.0,-9.986114120806407,-15.0,10.8,0.4,0.21,0.001
0.9,0.0026779796364489027,-9.98611412,-1.533781218,-14.999999999,1.094513439,-1000.0,1000.0,-9.986110893783607,1000.0,-15.0,1000.0,-0.026779796364489027,1000.0,10.784831008777545,0.39811977119691877,0.20684890590706018,0.0026779796364489027,0.0,-9.986110893783607,-15.0,10.8,0.4,0.21,0.001
1.0,0.0029877301903045864,-9.986110893,-1.533786183,-14.999999999,1.094513224,-1000.0,1000.0,-9.986107291743416,1000.0,-15.0,1000.0,-0.029877301903045862,1000.0,10.782030876173438,0.3977728763402343,0.20648534406347518,0.0029877301903045864,0.0,-9.986107291743416,-15.0,10.8,0.4,0.21,0.001
1.1,0.003333308197831494,-9.986107291,-1.533791726,-14.999999999,1.094512984,-1000.0,1000.0,-9.986103270876542,1000.0,-15.0,1000.0,-0.033333081978314937,1000.0,10.778906873151408,0.3973859279497381,0.20608063062614407,0.003333308197831494,0.0,-9.986103270876542,-15.0,10.8,0.4,0.21,0.001
1.2,0.003718857639819828,-9.986103271,-1.533797912,-14.999999999,1.094512716,-1000.0,1000.0,-9.986098782199944,1000.0,-15.0,1000.0,-0.03718857639819828,1000.0,10.775421541297836,0.39695431054473335,0.2056298702803993,0.003718857639819828,0.0,-9.986098782199944,-15.0,10.8,0.4,0.21,0.001
1.3,0.004149001805269669,-9.986098782,-1.533804819,-14.999999999,1.094512416,-955.5861811863517,1000.0,-9.98609377093207,1000.0,-15.0,1000.0,-0.041490018052696684,1000.0,10.771533090120403,0.39647287908329226,0.20512775763142313,0.004149001805269669,0.0,-9.98609377093207,-15.0,10.8,0.4,0.21,0.001
1.4,0.004628898729766951,-9.986093771,-1.533812529,-14.999999999,1.094512082,-855.3565802482755,1000.0,-9.986088175789325,1000.0,-15.0,1000.0,-0.04628898729766951,1000.0,10.76719489611653,0.39593589878090457,0.20456846821717364,0.004628898729766951,0.0,-9.986088175789325,-15.0,10.8,0.4,0.21,0.001
1.5,0.005164303043679936,-9.986088175,-1.533821138,-14.999999999,1.094511709,-765.5185508881754,1000.0,-9.986081928192933,1000.0,-15.0,1000.0,-0.05164303043679935,1000.0,10.762354943939561,0.3953369782345258,0.20394557477243125,0.005164303043679936,0.0,-9.986081928192933,-15.0,10.8,0.4,0.21,0.001
1.6,0.005761634974486741,-9.986081928,-1.53383075,-14.999999999,1.094511292,-684.9947921022504,1000.0,-9.986074951373853,1000.0,-15.0,1000.0,-0.05761634974486741,1000.0,10.756955202968422,0.39466899515176,0.20325197300227396,0.005761634974486741,0.0,-9.986074951373853,-15.0,10.8,0.4,0.21,0.001
1.7,0.006428057330248161,-9.986074951,-1.533841485,-14.999999999,1.094510827,-612.819696018775,1000.0,-9.986067159361337,1000.0,-15.0,1000.0,-0.0642805733024816,1000.0,10.750930931827268,0.39392401391139364,0.20247980952119057,0.006428057330248161,0.0,-9.986067159361337,-15.0,10.8,0.4,0.21,0.001
1.8,0.00717156138481041,-9.986067159,-1.533853474,-14.999999999,1.094510308,-548.1277688819379,1000.0,-9.9860584558384,1000.0,-15.0,1000.0,-0.0717156138481041,1000.0,10.744209902527043,0.3930931941255991,0.20162040867906597,0.00717156138481041,0.0,-9.9860584558384,-15.0,10.8,0.4,0.21,0.001
1.9,0.008001062695236113,-9.986058455,-1.533866865,-14.999999999,1.094509727,-490.14325250910844,1000.0,-9.986048732844784,1000.0,-15.0,1000.0,-0.08001062695236112,1000.0,10.736711534957271,0.39216668929723225,0.20066419705302477,0.008001062695236113,0.0,-9.986048732844784,-15.0,10.8,0.4,0.21,0.001
2.0,0.00892650800428496,-9.986048732,-1.533881825,-14.999999999,1.094509079,-438.1708215756813,1000.0,-9.986037869304575,1000.0,-15.0,1000.0,-0.08926508004284958,1000.0,10.728345931373909,0.3911335346039436,0.19960062554407135,0.00892650800428496,0.0,-9.986037869304575,-15.0,10.8,0.4,0.21,0.001
2.1,0.009958994499686546,-9.986037869,-1.53389854,-14.999999999,1.094508354,-391.5872458701436,1000.0,-9.986025729351738,1000.0,-15.0,1000.0,-0.09958994499686545,1000.0,10.719012799348578,0.38998152277681636,0.19841808982661965,0.009958994499686546,0.0,-9.986025729351738,-15.0,10.8,0.4,0.21,0.001
2.2,0.011110902871907163,-9.986025729,-1.533917219,-14.999999999,1.094507545,-349.8339167034243,1000.0,-9.986012160421994,1000.0,-15.0,1000.0,-0.11110902871907163,1000.0,10.708600250311207,0.38869706697906087,0.1971038506206168,0.011110902871907163,0.0,-9.986012160421994,-15.0,10.8,0.4,0.21,0.001
2.3,0.012396045751438243,-9.98601216,-1.533938096,-14.999999999,1.09450664,-312.4101486165074,1000.0,-9.98599699107365,1000.0,-15.0,1000.0,-0.12396045751438242,1000.0,10.696983459336433,0.3872650495463847,0.19564395605521956,0.012396045751438243,0.0,-9.98599699107365,-15.0,10.8,0.4,0.21,0.001
2.4,0.013829833317107656,-9.985996991,-1.533961436,-14.999999999,1.094505628,-278.8671754554512,1000.0,-9.985980028492879,1000.0,-15.0,1000.0,-0.13829833317107654,1000.0,10.684023170184384,0.38566865541615053,0.19402316936964167,0.013829833317107656,0.0,-9.985980028492879,-15.0,10.8,0.4,0.21,0.001
2.5,0.015429458053159394,-9.985980028,-1.533987535,-14.999999999,1.094504497,-248.80276919340136,1000.0,-9.985961055630327,1000.0,-15.0,1000.0,-0.15429458053159392,1000.0,10.669564027764187,0.38388918907794845,0.19222490644609483,0.015429458053159394,0.0,-9.985961055630327,-15.0,10.8,0.4,0.21,0.001
2.6,0.01721410086728518,-9.985961055,-1.534016727,-14.999999999,1.094503232,-221.85641692733174,1000.0,-9.985939827905092,1000.0,-15.0,1000.0,-0.1721410086728518,1000.0,10.653432718140538,0.38190587390415637,0.19023118929498062,0.01721410086728518,0.0,-9.985939827905092,-15.0,10.8,0.4,0.21,0.001
2.7,0.01920516104248787,-9.985939828,-1.534049388,-14.999999999,1.094501816,-197.7049981421458,1000.0,-9.985916069399064,1000.0,-15.0,1000.0,-0.19205161042487867,1000.0,10.635435893942121,0.37969563282246754,0.1880226237168831,0.01920516104248787,0.0,-9.985916069399064,-15.0,10.8,0.4,0.21,0.001
2.8,0.021426512780849484,-9.985916069,-1.534085943,-14.999999999,1.094500232,-176.0589104354702,1000.0,-9.985889468447951,1000.0,-15.0,1000.0,-0.21426512780849483,1000.0,10.6153578604884,0.3772328494628037,0.18557841209004625,0.021426512780849484,0.0,-9.985889468447951,-15.0,10.8,0.4,0.21,0.001
2.9,0.02390479139896143,-9.985889468,-1.534126872,-14.999999999,1.094498458,-156.65859741672628,1000.0,-9.985859672514822,1000.0,-15.0,1000.0,-0.2390479139896143,1000.0,10.592957995120532,0.374489109210072,0.18287641574419738,0.02390479139896143,0.0,-9.985859672514822,-15.0,10.8,0.4,0.21,0.001
3.0,0.026669712618535433,-9.985859672,-1.534172716,-14.999999999,1.094496471,-139.2714369912203,1000.0,-9.985826282205997,1000.0,-15.0,1000.0,-0.2666971261853543,1000.0,10.5679678691266,0.37143292005263107,0.17989328584773237,0.026669712618535433,0.0,-9.985826282205997,-15.0,10.8,0.4,0.21,0.001
3.1,0.02975442876214329,-9.985826282,-1.534224091,-14.999999999,1.094494244,-123.68895290575382,1000.0,-9.985788844256142,1000.0,-15.0,1000.0,-0.29754428762143287,1000.0,10.540088038130353,0.36802941378983484,0.17660468735712737,0.02975442876214329,0.0,-9.985788844256142,-15.0,10.8,0.4,0.21,0.001
3.2,0.03319592612964083,-9.985788844,-1.534281694,-14.999999999,1.094491748,-109.72431610518875,1000.0,-9.985746843267613,1000.0,-15.0,1000.0,-0.3319592612964083,1000.0,10.508984462975276,0.3642400292053206,0.17298564751296316,0.03319592612964083,0.0,-9.985746843267613,-15.0,10.8,0.4,0.21,0.001
3.3,0.037035468291174795,-9.985746843,-1.534346317,-14.999999999,1.094488947,-97.21010611418396,1000.0,-9.985699691935066,1000.0,-15.0,1000.0,-0.37035468291174795,1000.0,10.474284518829194,0.3600221802573597,0.1690110686815402,0.037035468291174795,0.0,-9.985699691935066,-15.0,10.8,0.4,0.21,0.001
3.4,0.04131909062614974,-9.985699692,-1.534418865,-14.999999999,1.094485802,-85.99630559954802,1000.0,-9.985646719416861,1000.0,-15.0,1000.0,-0.41319090626149735,1000.0,10.43557254549945,0.3553289144581793,0.16465645483978752,0.04131909062614974,0.0,-9.985646719416861,-15.0,10.8,0.4,0.21,0.001
3.5,0.04609815201313885,-9.985646719,-1.534500369,-14.999999999,1.09448227,-75.94850430815166,1000.0,-9.985587157423948,1000.0,-15.0,1000.0,-0.46098152013138843,1000.0,10.392384886674325,0.35010856967677056,0.15989891101188972,0.04609815201313885,0.0,-9.985587157423948,-15.0,10.8,0.4,0.21,0.001
3.6,0.05142995024229394,-9.985587157,-1.534592012,-14.999999999,1.094478298,-66.94629107768213,1000.0,-9.98552012347788,1000.0,-15.0,1000.0,-0.5142995024229393,1000.0,10.34420435998605,0.34430444190313186,0.15471848386704126,0.05142995024229394,0.0,-9.98552012347788,-15.0,10.8,0.4,0.21,0.001
3.7,0.057378408549587194,-9.985520123,-1.534695152,-14.999999999,1.094473828,-58.88181483865294,1000.0,-9.985444600631846,1000.0,-15.0,1000.0,-0.5737840854958719,1000.0,10.290454093426792,0.3378544827953374,0.1490999161076331,0.057378408549587194,0.0,-9.985444600631846,-15.0,10.8,0.4,0.21,0.001
3.8,0.06401484142701437,-9.9854446,-1.534811352,-14.999999999,1.094468791,-51.65849784497855,1000.0,-9.985359412737916,1000.0,-15.0,1000.0,-0.6401484142701437,1000.0,10.23049065654375,0.33069105479040656,0.1430348811327578,0.06401484142701437,0.0,-9.985359412737916,-15.0,10.8,0.4,0.21,0.001
3.9,0.07141880889509274,-9.985359412,-1.534942424,-14.999999999,1.09446311,-45.18988618324151,1000.0,-9.985263194059396,1000.0,-15.0,1000.0,-0.7141880889509273,1000.0,10.163596407156838,0.32274078453119176,0.13652473729978953,0.07141880889509274,0.0,-9.985263194059396,-15.0,10.8,0.4,0.21,0.001
4.0,0.07967906938008289,-9.985263193,-1.535090468,-14.999999999,1.094456694,-39.39862461440297,1000.0,-9.98515435163997,1000.0,-15.0,1000.0,-0.7967906938008288,1000.0,10.088970965919312,0.3139245744130856,0.1295837767466053,0.07967906938008289,0.0,-9.98515435163997,-15.0,10.8,0.4,0.21,0.001
4.1,0.08889464255892507,-9.985154351,-1.535257934,-14.999999999,1.094449435,-34.215544499351026,1000.0,-9.985031018307616,1000.0,-13.751427134847924,1000.0,-0.8889464255892506,1000.0,10.005721721927278,0.3041578598228804,0.12224281998274093,0.08889464255892507,0.0,-9.985031018307616,-15.0,10.8,0.4,0.21,0.001
4.2,0.09882282960808828,-9.985031018,-0.12884118,-13.751427134,1.0587677,-30.686125000515425,1000.0,-9.98489124981605,1000.0,-12.0060561274502,1000.0,-0.9882282960808827,1000.0,9.913021720773429,0.30324897022584335,0.11864724389481554,0.09882282960808828,0.0,-9.98489124981605,-15.0,10.8,0.4,0.21,0.001
4.3,0.10912175077428804,-9.984891249,0.752586614,-12.006056126,0.991355915,-28.330057664575197,1000.0,-9.984733341492813,1000.0,-10.888788759263006,1000.0,-1.0912175077428803,1000.0,9.810332762200865,0.30914254918949835,0.11882036932221668,0.10912175077428804,0.0,-9.984733341492813,-15.0,10.8,0.4,0.21,0.001
4.4,0.11996565775382924,-9.984733341,1.268082536,-10.888788759,0.94741278,-26.687316451427726,1000.0,-9.984555522142802,1000.0,-9.913862179853268,1000.0,-1.1996565775382924,1000.0,9.69720920428234,0.32015614717801155,0.11893229972869089,0.11996565775382924,0.0,-9.984555522142802,-15.0,10.8,0.4,0.21,0.001
4.5,0.13138239433860746,-9.984555522,1.717878622,-9.913862179,0.909065954,-25.627025550437978,1000.0,-9.98435561348348,1000.0,-9.059801875538966,1000.0,-1.3138239433860746,1000.0,9.573103684449585,0.3366939976593212,0.1190298462641716,0.13138239433860746,0.0,-9.98435561348348,-15.0,10.8,0.4,0.21,0.001
4.6,0.14340305027265476,-9.984355613,2.111883535,-9.059801875,0.875470872,-25.049412934157942,1000.0,-9.984131082702985,1000.0,-8.306327443520876,1000.0,-1.4340305027265476,1000.0,9.437440717441177,0.359216222229754,0.11911526919643561,0.14340305027265476,0.0,-9.984131082702985,-15.0,10.8,0.4,0.21,0.001
4.7,0.1560602560355578,-9.984131082,2.459454661,-8.306327443,0.845829903,-24.878089231767678,1000.0,-9.98387896674379,1000.0,-7.6374735523122315,1000.0,-1.5606025603555778,1000.0,9.289614512981734,0.3882480975185117,0.1191906078038648,0.1560602560355578,0.0,-9.98387896674379,-15.0,10.8,0.4,0.21,0.001
4.8,0.1693882974196507,-9.983878966,2.767957797,-7.637473552,0.81951508,-25.053001685578522,1000.0,-9.98359577837602,1000.0,-7.040478567919968,1000.0,-1.693882974196507,1000.0,9.128987653808705,0.42436853007717856,0.11925746776395041,0.1693882974196507,0.0,-9.98359577837602,-15.0,10.8,0.4,0.21,0.001
4.9,0.183423215576367,-9.983595778,3.043279971,-7.040478568,0.796024389,-25.52549133352543,1000.0,-9.98327738638849,1000.0,-6.505018011061005,1000.0,-1.83423215576367,1000.0,8.95488972446,0.4681967699561923,0.11931713209709931,0.183423215576367,0.0,-9.98327738638849,-15.0,10.8,0.4,0.21,0.001
5.0,0.1982029088433944,-9.983277385,3.290183111,-6.50501801,0.774951619,-26.25488252749921,1000.0,-9.982918861237177,1000.0,-6.022648164035856,1000.0,-1.9820290884339438,1000.0,8.766615914653409,0.5203794088291954,0.11937063850522354,0.1982029088433944,0.0,-9.982918861237177,-15.0,10.8,0.4,0.21,0.001
5.1,0.21376723708252407,-9.982918861,3.512560708,-6.022648163,0.755964478,-27.206204857086362,1000.0,-9.982514273984066,1000.0,-5.586395608346044,1000.0,-2.1376723708252405,1000.0,8.563425617747091,0.5815795243800499,0.11941883544460802,0.21376723708252407,0.0,-9.982514273984066,-15.0,10.8,0.4,0.21,0.001
5.2,0.23015812890804424,-9.982514273,3.713627111,-5.586395608,0.738788438,-28.348731899461722,1000.0,-9.98205643120193,1000.0,-5.190449894195124,1000.0,-2.3015812890804423,1000.0,8.344541052732593,0.6524691090895898,0.11946242358389061,0.23015812890804424,0.0,-9.98205643120193,-15.0,10.8,0.4,0.21,0.001
5.3,0.247419692171298,-9.982056431,3.896059187,-5.190449894,0.723194636,-29.65508063838932,1000.0,-9.981536520767543,1000.0,-4.829930299764846,1000.0,-2.47419692171298,1000.0,8.109145948415051,0.7337250922865306,0.11950198679766433,0.247419692171298,0.0,-9.981536520767543,-15.0,10.8,0.4,0.21,0.001
5.4,0.26559832791349564,-9.98153652,4.062103734,-4.829930299,0.708990688,-31.100669881973708,1000.0,-9.980943631589403,1000.0,-4.500706635658805,1000.0,-2.655983279134956,1000.0,7.856384346063869,0.8260285917641831,0.11953801568601531,0.26559832791349564,0.0,-9.980943631589403,-15.0,10.8,0.4,0.21,0.001
5.5,0.284742847439109,-9.980943631,4.213659869,-4.500706635,0.696013612,-32.66338928406011,1000.0,-9.980264091716691,1000.0,-4.19926002581942,1000.0,-2.84742847439109,1000.0,7.585359600721478,0.9300666471755356,0.1195709256889048,0.284742847439109,0.0,-9.980264091716691,-15.0,10.8,0.4,0.21,0.001
5.6,0.3049045922785821,-9.980264091,4.352342863,-4.199260025,0.684124322,-34.32337891811928,1000.0,-9.979480539461262,1000.0,-3.9225736261143096,1000.0,-3.0490459227858207,1000.0,7.295133700485128,1.046535585465244,0.11960107121531029,0.3049045922785821,0.0,-9.979480539461262,-15.0,10.8,0.4,0.21,0.001
5.7,0.32613755615549106,-9.979480539,4.479533985,-3.922573626,0.673203283,-36.06285863902406,1000.0,-9.978570593074325,1000.0,-3.6680460273022213,1000.0,-3.2613755615549103,1000.0,6.984727081587538,1.1761452584512244,0.11962875672102041,0.32613755615549106,0.0,-9.978570593074325,-15.0,10.8,0.4,0.21,0.001
5.8,0.348498507365301,-9.978570593,4.596419624,-3.668046027,0.663147034,-37.86597480337424,1000.0,-9.977504901273477,1000.0,-3.4334220411908616,1000.0,-3.48498507365301,1000.0,6.6531192122594005,1.319623569890802,0.11965424565101404,0.348498507365301,0.0,-9.977504901273477,-15.0,10.8,0.4,0.21,0.001
5.9,0.3720471091899671,-9.977504901,4.704022002,-3.433422041,0.653865367,-39.71865003760662,1000.0,-9.976244210929634,1000.0,-3.216736930158011,1000.0,-3.720471091899671,1000.0,6.299250373064367,1.477720892741952,0.11967776758898971,0.3720471091899671,0.0,-9.976244210929634,-15.0,10.8,0.4,0.21,0.001
6.0,0.396846034029372,-9.97624421,4.803223065,-3.216736929,0.64527898,-41.60843196720841,1000.0,-9.974734822268568,1000.0,-3.016271149231253,1000.0,-3.96846034029372,1000.0,5.922025323727827,1.6512141208367601,0.11969952431296389,0.396846034029372,0.0,-9.974734822268568,-15.0,10.8,0.4,0.21,0.001
6.1,0.4229610641819587,-9.974734821,4.894782501,-3.016271148,0.637317461,-43.52434154953993,1000.0,-9.972901295715467,1000.0,-2.8305133735672916,1000.0,-4.229610641819587,1000.0,5.520320007370836,1.8409101819612455,0.11971969486652878,0.4229610641819587,0.0,-9.972901295715467,-15.0,10.8,0.4,0.21,0.001
6.2,0.450461167090848,-9.972901295,4.979350208,-2.830513373,0.629917458,-45.456723075776864,1000.0,-9.970634260553371,1000.0,-2.6581301349725246,1000.0,-4.50461167090848,1000.0,5.092993288322188,2.047648852883993,0.11973844028790769,0.450461167090848,0.0,-9.970634260553371,-15.0,10.8,0.4,0.21,0.001
6.3,0.47941852262618395,-9.97063426,5.057472622,-2.658130134,0.623020846,-47.39709741702019,1000.0,-9.967769018880109,1000.0,-2.497940789085431,1000.0,-4.794185226261839,1000.0,4.638907352122791,2.2723046420437143,0.11975590827110216,0.47941852262618395,0.0,-9.967769018880109,-15.0,10.8,0.4,0.21,0.001
6.4,0.5099084611427511,-9.967769019,5.129590782,-2.497940789,0.616572633,-49.33801820451048,1000.0,-9.964045708659512,1000.0,-2.3488968610968963,1000.0,-5.099084611427511,1000.0,4.156963746399356,2.5157872938494985,0.1197722383824957,0.5099084611427511,0.0,-9.964045708659512,-15.0,10.8,0.4,0.21,0.001
6.5,0.5420092291525707,-9.964045708,5.196024754,-2.34889686,0.610518076,-51.272927340498526,1000.0,-9.959029484397186,1000.0,-2.210065125461556,1000.0,-5.420092291525706,1000.0,3.6461694481508,2.779039982421937,0.11978756950283974,0.5420092291525707,0.0,-9.959029484397186,-15.0,10.8,0.4,0.21,0.001
6.6,0.5758014035555507,-9.959029484,5.256931135,-2.210065125,0.604797865,-53.19599957056408,1000.0,-9.95193486672805,1000.0,-2.080614097548,1000.0,-5.758014035555506,1000.0,3.1057652988563307,3.0630331216271265,0.11980205176256038,0.5758014035555507,0.0,-9.95193486672805,-15.0,10.8,0.4,0.21,0.001
6.7,0.6113665278616817,-9.951934866,5.312198578,-2.080614097,0.599338455,-55.1019499429545,1000.0,-9.941187960159942,1000.0,-1.9598042357828875,1000.0,-6.113665278616816,1000.0,2.535498170237475,3.3687487815032284,0.11981587109192006,0.6113665278616817,0.0,-9.941187960159942,-15.0,10.8,0.4,0.21,0.001
6.8,0.648783812995992,-9.941187959,5.361176393,-1.959804235,0.594028921,-56.98573166948446,1000.0,-9.923127191207898,1000.0,-1.8469836152658616,1000.0,-6.487838129959919,1000.0,1.9362751303997014,3.6971420278894587,0.11982930724533081,0.648783812995992,0.0,-9.923127191207898,-15.0,10.8,0.4,0.21,0.001
6.9,0.6881211240564326,-9.923127191,5.401857667,-1.846983615,0.588653215,-58.841885943759735,1000.0,-9.886968936510108,1000.0,-1.7415960611412848,1000.0,-6.881211240564325,1000.0,1.3120688195675787,4.049034469722035,0.11984290392447965,0.6881211240564326,0.0,-9.886968936510108,-15.0,10.8,0.4,0.21,0.001
7.0,0.7294039871080104,-9.886968936,5.427702522,-1.741596061,0.582628698,-60.6625068980062,1000.0,-9.289729646606173,1000.0,-1.6432336943491506,1000.0,-7.294039871080103,1000.0,0.677596584339003,4.42474743993729,0.1198581208408496,0.7294039871080104,0.0,-9.783423708127067,-15.0,10.8,0.4,0.21,0.001
7.1,0.7704679442332095,-9.289729646,5.096675544,-1.643233693,0.547703054,-62.283650383128695,1000.0,-1.8079238827396056,1000.0,-1.5567877087167035,1000.0,-7.704679442332095,1000.0,0.13929473972645062,4.798755607002913,0.11994550255424873,0.7704679442332095,0.0,-9.02783464772723,-15.0,10.8,0.4,0.21,0.001
7.2,0.7825215585866383,-1.807923882,0.421046666,-1.556787708,0.155234229,-61.73355533286391,1000.0,-0.8826068687338192,1000.0,-1.5452137071809742,1000.0,-7.825215585866383,1000.0,0.06906589025408608,4.830783793616715,0.12091630384926934,0.7825215585866383,0.0,-8.215685344595405,-15.0,10.8,0.4,0.21,0.001
7.3,0.7906237509940223,-0.882606869,-0.382800984,-1.545213707,0.103007192,-60.727829877366105,1000.0,-0.5593492857490481,1000.0,-1.5312386700231997,1000.0,-7.9062375099402225,1000.0,0.04422348304147396,4.801286464737005,0.12106336609608401,0.7906237509940223,0.0,-7.467220901294244,-15.0,10.8,0.4,0.21,0.001
7.4,0.797057866256441,-0.559349285,-0.864426242,-1.531238669,0.081050891,-59.39436914319582,1000.0,-0.40200076911252514,1000.0,-1.5195907693595176,1000.0,-7.97057866256441,1000.0,0.03204178752622775,4.734074913692306,0.12112017762086809,0.797057866256441,0.0,-6.8113456590830275,-15.0,10.8,0.4,0.21,0.001
7.5,0.8026749068718226,-0.402000769,-1.09340292,-1.519590769,0.070225025,-57.91190193027433,1000.0,-0.31072110283971605,1000.0,-1.5093018821859738,1000.0,-8.026749068718226,1000.0,0.02494080322849791,4.648443048865308,0.12114787477250932,0.8026749068718226,0.0,-6.244442077394816,-15.0,10.8,0.4,0.21,0.001
7.6,0.8078158906444851,-0.310721103,-1.222256066,-1.509301882,0.063843907,-56.35090679205243,1000.0,-0.2517310252446675,1000.0,-1.4998972649361428,1000.0,-8.07815890644485,1000.0,0.020335232236087044,4.55211579588462,0.12116408449496176,0.8078158906444851,0.0,-5.7549451211245035,-15.0,10.8,0.4,0.21,0.001
7.7,0.812648209161142,-0.251731025,-1.302424141,-1.499897264,0.059641344,-54.74550216053381,1000.0,-0.21072322659281292,1000.0,-1.4911091558435035,1000.0,-8.12648209161142,1000.0,0.017124385271930696,4.448883429038523,0.12117471851600052,0.812648209161142,0.0,-5.330649949243841,-15.0,10.8,0.4,0.21,0.001
7.8,0.8172653815578891,-0.210723226,-1.355618944,-1.491109155,0.056655577,-53.11450473759507,1000.0,-0.1806804657719496,1000.0,-1.4827772956260368,1000.0,-8.17265381557889,1000.0,0.014766388979916951,4.340864598062894,0.12118225522751878,0.8172653815578891,0.0,-4.960759261017407,-15.0,10.8,0.4,0.21,0.001
7.9,0.8217245761056187,-0.180680466,-1.392456767,-1.482777295,0.054414068,-51.46926656031761,1000.0,-0.1577845869506183,1000.0,-1.474799555076432,1000.0,-8.217245761056185,1000.0,0.012965547282799696,4.229356124674408,0.1211879039235936,0.8217245761056187,0.0,-4.63625730320472,-15.0,10.8,0.4,0.21,0.001
8.0,0.8260631317118822,-0.157784586,-1.418697228,-1.474799553,0.052659279,-49.81709884118775,1000.0,-0.1397907721980137,1000.0,-1.4671072490552888,1000.0,-8.260631317118822,1000.0,0.01154760030663135,4.115206868155193,0.1211923208711816,0.8260631317118822,0.0,-4.349771796039458,-15.0,10.8,0.4,0.21,0.001
8.1,0.830306704596816,-0.139790772,-1.437716858,-1.467107249,0.051239549,-48.16294980881998,1000.0,-0.12529752823980408,1000.0,-1.4596520938258974,1000.0,-8.30306704596816,1000.0,0.010403537776691823,3.9990020139423166,0.12119589198824234,0.830306704596816,0.0,-4.09531060915352,-15.0,10.8,0.4,0.21,0.001
8.2,0.8344736441876865,-0.125297528,-1.451617623,-1.459652092,0.050060037,-46.51030132635725,1000.0,-0.11338690534617808,1000.0,-1.452398864964967,1000.0,-8.344736441876865,1000.0,0.00946183841073895,3.8811620640072726,0.12119885736613757,0.8344736441876865,0.0,-3.86799971934453,-15.0,10.8,0.4,0.21,0.001
8.3,0.8385775066240766,-0.113386905,-1.461772212,-1.452398864,0.04905852,-44.861681726343015,1000.0,-0.1034336605829466,1000.0,-1.4453210685926972,1000.0,-8.385775066240765,1000.0,0.00867371411926484,3.761999720503963,0.12120137379717101,0.8385775066240766,0.0,-3.6638586051888136,-15.0,10.8,0.4,0.21,0.001
8.4,0.8426285790325383,-0.10343366,-1.469112785,-1.445321068,0.048192548,-43.21897563914521,1000.0,-0.09499782263225288,1000.0,-1.438398266019789,1000.0,-8.426285790325382,1000.0,0.008004788029580035,3.641754403005481,0.12120354869791217,0.8426285790325383,0.0,-3.4796182513341622,-15.0,10.8,0.4,0.21,0.001
8.5,0.8466348450438111,-0.094997822,-1.474293265,-1.438398265,0.047432194,-41.58361992618829,1000.0,-0.08776115347389661,1000.0,-1.4316143303916118,1000.0,-8.466348450438112,1000.0,0.007430165057223859,3.5206141612569164,0.12120545767736017,0.8466348450438111,0.0,-3.3125770756782282,-15.0,10.8,0.4,0.21,0.001
8.6,0.8506026206385843,-0.087761153,-1.477785129,-1.43161433,0.046755777,-39.956732449780645,1000.0,-0.0814879796514276,1000.0,-1.424956289379715,1000.0,-8.506026206385842,1000.0,0.0069313889042047945,3.398730133393818,0.12120715540418184,0.8506026206385843,0.0,-3.160487889973933,-15.0,10.8,0.4,0.21,0.001
8.7,0.8545369853450913,-0.081487979,-1.479936373,-1.424956289,0.046147209,-38.33919967081899,1000.0,-0.0760001763066258,1000.0,-1.4184135336679626,1000.0,-8.545369853450913,1000.0,0.006494496154675944,3.276226410724518,0.12120868250332989,0.8545369853450913,0.0,-3.021469360314883,-15.0,10.8,0.4,0.21,0.001
8.8,0.8584420835144829,-0.076000176,-1.48100911,-1.418413533,0.04559431,-36.7317380639673,1000.0,-0.07116069388027796,1000.0,-1.4119772550372989,1000.0,-8.58442083514483,1000.0,0.006108733431892212,3.1532069754740326,0.12121006966892793,0.8584420835144829,0.0,-2.8939365081292885,-15.0,10.8,0.4,0.21,0.001
8.9,0.8623213389864053,-0.071160694,-1.481204286,-1.411977254,0.045087686,-35.13493849856627,1000.0,-0.06686241725529113,1000.0,-1.4056400448551671,1000.0,-8.623213389864052,1000.0,0.005765688917545038,3.029760721128867,0.12121134056124186,0.8623213389864053,0.0,-2.7765459361541227,-15.0,10.8,0.4,0.21,0.001
9.0,0.8661776124526763,-0.066862417,-1.480678361,-1.405640044,0.044619985,-33.549299219460764,1000.0,-0.0630204519253936,1000.0,-1.399395596619077,1000.0,-8.661776124526762,1000.0,0.00545869045844261,2.9059651897372967,0.12121251367563007,0.8661776124526763,0.0,-2.6681524262419214,-15.0,10.8,0.4,0.21,0.001
9.1,0.8700133176231022,-0.063020451,-1.479554851,-1.399395596,0.044185364,-31.97525118649918,1000.0,-0.059566670638486814,1000.0,-1.3932384858826015,1000.0,-8.700133176231022,1000.0,0.005182379674195255,2.781889436659819,0.12121360373429099,0.8700133176231022,0.0,-2.5677743446781607,-15.0,10.8,0.4,0.21,0.001
9.2,0.8738305093704968,-0.05956667,-1.477932468,-1.393238485,0.043779125,-30.413178204335644,1000.0,-0.05644578572426893,1000.0,-1.3871640012113462,1000.0,-8.738305093704968,1000.0,0.004932404969125583,2.6575963001870306,0.1212146225758927,0.8738305093704968,0.0,-2.474565902491777,-15.0,10.8,0.4,0.21,0.001
9.3,0.8776309511135225,-0.056445785,-1.475890969,-1.387164001,0.043397446,-28.863433615740803,1000.0,-0.053612472746283245,1000.0,-1.3811680139330258,1000.0,-8.776309511135224,1000.0,0.004705196544786837,2.5331442696584623,0.12121557977156164,0.8776309511135225,0.0,-2.3877947799671317,-15.0,10.8,0.4,0.21,0.001
9.4,0.8814161673479487,-0.053612472,-1.47349544,-1.381168013,0.043037188,-27.326354817627188,1000.0,-0.05102923168981969,1000.0,-1.3752468785513905,1000.0,-8.814161673479486,1000.0,0.004497798981875136,2.408589093094311,0.12121648328499965,0.8814161673479487,0.0,-2.3068239579535224,-15.0,10.8,0.4,0.21,0.001
9.5,0.8851874844823224,-0.051029231,-1.470799473,-1.375246878,0.042695744,-25.802276641862427,1000.0,-0.04866477489268626,1000.0,-1.369397350516072,1000.0,-8.851874844823223,1000.0,0.004307744967015544,2.283985235452719,0.1212173395960079,0.8851874844823224,0.0,-2.2310968859256715,-15.0,10.8,0.4,0.21,0.001
9.6,0.8889460638995915,-0.048664774,-1.467847552,-1.369397349,0.042370937,-24.291544445924142,1000.0,-0.04649279657226957,1000.0,-1.3636165249311594,1000.0,-8.889460638995915,1000.0,0.004132958851260346,2.159387282124625,0.12121815425059936,0.8889460638995915,0.0,-2.1601253017842015,-15.0,10.8,0.4,0.21,0.001
9.7,0.892692927843396,-0.046492796,-1.464676879,-1.363616523,0.042060928,-22.794527798593847,1000.0,-0.04449102281926893,1000.0,-1.3579017827241442,1000.0,-8.92692927843396,1000.0,0.003971682142328053,2.0348513759334423,0.12121893181437833,0.892692927843396,0.0,-2.0934791720270094,-15.0,10.8,0.4,0.21,0.001
9.8,0.896428980916841,-0.044491023,-1.461318773,-1.357901782,0.041764158,-21.311635650145078,1000.0,-0.042640470432109896,1000.0,-1.352250749941568,1000.0,-8.96428980916841,1000.0,0.0038224153455270965,1.9104367827530573,0.12121967617141537,0.896428980916841,0.0,-2.03077834345816,-15.0,10.8,0.4,0.21,0.001
9.9,0.900155027208303,-0.04264047,-1.457799771,-1.352250748,0.041479292,-19.843334113136187,1000.0,-0.04092486306063371,1000.0,-1.3466612654297268,1000.0,-9.00155027208303,1000.0,0.003683872122184082,1.7862076958513553,0.12122039080232636,0.900155027208303,0.0,-1.9716855789277634,-15.0,10.8,0.4,0.21,0.001
10.0,0.9038717847859618,-0.040924862,-1.454142477,-1.346661264,0.041205184,-18.3901682907699,1000.0,-0.03933016689502154,1000.0,-1.3411313474230737,1000.0,-9.038717847859617,1000.0,0.0035549428147332866,1.662235423549239,0.12122107846276954,0.9038717847859618,0.0,-1.915900711863437,-15.0,10.8,0.4,0.21,0.001
10.1,0.9075798973714143,-0.039330167,-1.450366253,-1.341131347,0.040940841,-16.952790156514336,1000.0,-0.037844218596444414,1000.0,-1.3356591748870832,1000.0,-9.075798973714143,1000.0,0.0034346652029862393,1.5386011550408405,0.1212217416867207,0.9075798973714143,0.0,-1.8631557260013905,-15.0,10.8,0.4,0.21,0.001
10.2,0.9112799442775752,-0.037844218,-1.446487763,-1.335659174,0.0406854,-15.531995385840764,1000.0,-0.03645642491802142,1000.0,-1.3302430660472355,1000.0,-9.112799442775751,1000.0,0.0033222008867854163,1.4153995889728528,0.12122238271031556,0.9112799442775752,0.0,-1.8132106002513586,-15.0,10.8,0.4,0.21,0.001
10.3,0.9149724487296709,-0.036456424,-1.442521411,-1.330243065,0.040438107,-14.128773521062024,1000.0,-0.03515751793869063,1000.0,-1.3248814600846002,1000.0,-9.149724487296709,1000.0,0.00321681602796211,1.2927438506113056,0.12122300338101484,0.9149724487296709,0.0,-1.765849763770146,-15.0,10.8,0.4,0.21,0.001
10.4,0.9186578846951584,-0.035157518,-1.438479697,-1.324881459,0.040198298,-12.744378274695876,1000.0,-0.03393935478885585,1000.0,-1.3195729052249832,1000.0,-9.186578846951583,1000.0,0.003117865587824881,1.1707723587587047,0.12122360538150279,0.9186578846951584,0.0,-1.720879080767699,-15.0,10.8,0.4,0.21,0.001
10.5,0.9223366830930565,-0.033939355,-1.434373515,-1.319572905,0.03996539,-11.380428875675433,1000.0,-0.03279475258170547,1000.0,-1.3143160451884337,1000.0,-9.223366830930564,1000.0,0.0030247803319067676,1.049658702136692,0.12122419016550838,0.9223366830930565,0.0,-1.6781232704136864,-15.0,10.8,0.4,0.21,0.001
10.6,0.9260092366164613,-0.032794752,-1.43021239,-1.314316045,0.039738864,-10.039060585249082,1000.0,-0.03171735139501946,1000.0,-1.309109610526592,1000.0,-9.260092366164612,1000.0,0.0029370560352798025,0.9296262828892907,0.12122475910910024,0.9260092366164613,0.0,-1.6374236828513018,-15.0,10.8,0.4,0.21,0.001
10.7,0.9296759042383438,-0.031717351,-1.426004675,-1.30910961,0.03951826,-8.723155409536915,1000.0,-0.030701499994568,1000.0,-1.303952407784779,1000.0,-9.296759042383437,1000.0,0.0028542444768923517,0.8109707393172833,0.12122531337910801,0.9296759042383438,0.0,-1.5986363806020605,-15.0,10.8,0.4,0.21,0.001
10.8,0.9333370150130366,-0.0307015,-1.421757723,-1.303952407,0.039303168,-7.4367081738961325,1000.0,-0.029742160164554252,1000.0,-1.2988433124688747,1000.0,-9.333370150130365,1000.0,0.002775945898802471,0.6940955008547266,0.12122585402293443,0.9333370150130366,0.0,-1.5616304834666948,-15.0,10.8,0.4,0.21,0.001
10.9,0.9369928710554618,-0.02974216,-1.417478017,-1.298843312,0.039093218,-6.185429623281545,1000.0,-0.02883482604253916,1000.0,-1.2937812628204843,1000.0,-9.369928710554618,1000.0,0.002701802643998357,0.5795703461430078,0.12122638199679267,0.9369928710554618,0.0,-1.526286728156683,-15.0,10.8,0.4,0.21,0.001
11.0,0.9406437507062759,-0.028834826,-1.413171295,-1.293781262,0.038888081,-4.977780037291481,1000.0,-0.027975455776859417,1000.0,-1.2887652539515577,1000.0,-9.406437507062758,1000.0,0.0026314937649662595,0.4682317684468685,0.12122689822569194,0.9406437507062759,0.0,-1.4924962116341114,-15.0,10.8,0.4,0.21,0.001
11.1,0.9442899107515669,-0.027975455,-1.408842643,-1.288765253,0.038687458,-3.8268079294234636,1000.0,-0.02716041352834335,1000.0,-1.283794331924614,1000.0,-9.442899107515668,1000.0,0.002564730446665499,0.3613616118138671,0.12122740351164611,0.9442899107515669,0.0,-1.460159297322089,-15.0,10.8,0.4,0.21,0.001
11.2,0.9479315886163049,-0.027160413,-1.404496582,-1.28379433,0.038491079,-2.7534906932194194,1000.0,-0.026386419817363966,1000.0,-1.2788675905244227,1000.0,-9.479315886163048,1000.0,0.0025012520855370573,0.2610120807063695,0.12122789867157222,0.9479315886163049,0.0,-1.4291846510822381,-15.0,10.8,0.4,0.21,0.001
11.3,0.9515690043381698,-0.02638642,-1.400137134,-1.27886759,0.0382987,-1.7925542818863964,1000.0,-0.02565050908589451,1000.0,-1.2739841687523243,1000.0,-9.515690043381698,1000.0,0.0024408229391631817,0.17057390932367614,0.12122838470022403,0.9515690043381698,0.0,-1.399488400104298,-15.0,10.8,0.4,0.21,0.001
11.4,0.9552023621226294,-0.025650509,-1.395767894,-1.273984168,0.038110098,-0.999825099757637,1000.0,-0.024949993148156588,1000.0,-1.269143334808645,1000.0,-9.552023621226294,1000.0,0.0023832292390062594,0.09550352969979886,0.12122887112814089,0.9552023621226294,0.0,-1.3709933903756657,-15.0,10.8,0.4,0.21,0.001
11.5,0.9578801386814101,-0.024949993,-0.999825098,-0.921569214,0.027994384,-0.5743667819898282,1000.0,-0.024306837343358513,1000.0,-1.3900815671291096,1000.0,-9.578801386814101,1000.0,0.002328303672536273,0.05501745327864119,0.13315315243001033,0.9578801386814101,0.0,-1.343642007051397,-15.0,10.8,0.4,0.21,0.001
11.6,0.9595229864377536,-0.024306837,-0.57436678,-0.543033174,0.017136179,-0.3930515826832029,1000.0,-0.023718739434388316,1000.0,-1.584392502035141,1000.0,-9.595229864377535,1000.0,0.002275867569662319,0.037714202844027246,0.15202610252423432,0.9595229864377536,0.0,-1.3173680340424165,-15.0,10.8,0.4,0.21,0.001
11.7,0.9607207964293347,-0.023718739,-0.393051581,-0.381285724,0.012475605,-0.29547608877524895,1000.0,-0.023167403301631747,1000.0,-1.7353695258308766,1000.0,-9.607207964293346,1000.0,0.0022257406151143253,0.0283870023333982,0.16672055929554366,0.9607207964293347,0.0,-1.2921015501425819,-15.0,10.8,0.4,0.21,0.001
11.8,0.9616764847277363,-0.023167403,-0.295476088,-0.293919947,0.009942673,-0.23535924052624774,1000.0,-0.02264554706235105,1000.0,-1.8400995370156659,1000.0,-9.616764847277363,1000.0,0.0021777690093658275,0.02263394470774717,0.17695804543063606,0.9616764847277363,0.0,-1.2677833822182867,-15.0,10.8,0.4,0.21,0.001
11.9,0.9624810577843513,-0.022645547,-0.235359238,-0.239844561,0.008362861,-0.19491771031588231,1000.0,-0.02214916261708973,1000.0,-1.91098907264917,1000.0,-9.624810577843514,1000.0,0.0021318149464734136,0.018760460400573418,0.183929078405771,0.9624810577843513,0.0,-1.2443602462051155,-15.0,10.8,0.4,0.21,0.001
12.0,0.9631824551728867,-0.022149162,-0.194917709,-0.20326874,0.007284735,-0.16598634310830596,1000.0,-0.021675572174298333,1000.0,-1.9592863056473764,1000.0,-9.631824551728867,1000.0,0.002087753082411778,0.01598751334802273,0.18871501942600552,0.9631824551728867,0.0,-1.221783269188667,-15.0,10.8,0.4,0.21,0.001
12.1,0.963808817208494,-0.021675572,-0.165986341,-0.176941034,0.006500933,-0.14432931241784241,1000.0,-0.021222763442345204,1000.0,-1.992886143982655,1000.0,-9.63808817208494,1000.0,0.00204546865312624,0.013910586388995592,0.19207612372631194,0.963808817208494,0.0,-1.2000072833146123,-15.0,10.8,0.4,0.21,0.001
12.2,0.9643780000082666,-0.021222763,-0.144329311,-0.157098769,0.005903814,-0.12754446547631895,1000.0,-0.020789111640108864,1000.0,-2.0169190282684886,1000.0,-9.643780000082666,1000.0,0.002004856190543676,0.01230010765281759,0.19450723386601818,0.9643780000082666,0.0,-1.178990382558229,-15.0,10.8,0.4,0.21,0.001
12.3,0.964902020134019,-0.020789112,-0.127544465,-0.141607457,0.005432287,-0.11417380310614676,1000.0,-0.020373244791964354,1000.0,-2.0346333910076613,1000.0,-9.64902020134019,1000.0,0.001965818505645129,0.011016653326350476,0.19632218692154219,0.964902020134019,0.0,-1.1586935843920714,-15.0,10.8,0.4,0.21,0.001
12.4,0.9653893440873703,-0.020373245,-0.114173802,-0.129171031,0.005049227,-0.10328375471756798,1000.0,-0.019973970781963436,1000.0,-2.0480800604331026,1000.0,-9.653893440873702,1000.0,0.0019282658552019982,0.00997090362216738,0.1977194666179935,0.9653893440873703,0.0,-1.1390805601091436,-15.0,10.8,0.4,0.21,0.001
12.5,0.9658461618085153,-0.019973971,-0.103283754,-0.118959182,0.004730834,-0.09425013836622405,1000.0,-0.0195902338165969,1000.0,-2.058566686277266,1000.0,-9.658461618085154,1000.0,0.00189211521406915,0.0091031134390939,0.19882587327677714,0.9658461618085153,0.0,-1.120117398023215,-15.0,10.8,0.4,0.21,0.001
12.6,0.9662771378433722,-0.019590234,-0.094250137,-0.110416412,0.004461165,-0.08664048104326358,1000.0,-0.01922108652865597,1000.0,-2.0669419465378116,1000.0,-9.662771378433721,1000.0,0.0018572896477149492,0.008371871604385768,0.1997238748188965,0.9662771378433722,0.0,-1.1017724002664389,-15.0,10.8,0.4,0.21,0.001
12.7,0.9666858774607369,-0.019221086,-0.08664048,-0.103157545,0.004229151,-0.08014604147638683,1000.0,-0.018865670843413316,1000.0,-2.0737691567209775,1000.0,-9.666858774607368,1000.0,0.0018237177573150443,0.0077476046429605615,0.20046833569158307,0.9666858774607369,0.0,-1.0840159016113322,-15.0,10.8,0.4,0.21,0.001
12.8,0.9670752279746719,-0.018865671,-0.080146041,-0.096907353,0.004026873,-0.07454073137521966,1000.0,-0.01852320409038011,1000.0,-2.0794316716133805,1000.0,-9.670752279746718,1000.0,0.0017913331818525723,0.007208649478808933,0.20109668578832632,0.9670752279746719,0.0,-1.0668201044265957,-15.0,10.8,0.4,0.21,0.001
12.9,0.9674474797595529,-0.018523204,-0.074540731,-0.091464081,0.003848513,-0.06965532253414111,1000.0,-0.01819296864038037,1000.0,-2.0841972017001424,1000.0,-9.67447479759553,1000.0,0.001760074166048057,0.006738786623749361,0.20163513301067154,0.9674474797595529,0.0,-1.0501589364166124,-15.0,10.8,0.4,0.21,0.001
13.0,0.9678045050082001,-0.018192968,-0.069655322,-0.086676533,0.003689703,-0.06536071056721737,1000.0,-0.017874303668707774,1000.0,-2.0882574783587518,1000.0,-9.678045050082002,1000.0,0.0017298831614459985,0.006325639013749005,0.2021024995172664,0.9678045050082001,0.0,-1.034007915508049,-15.0,10.8,0.4,0.21,0.001
13.1,0.9681478558355576,-0.017874303,-0.065360709,-0.082429208,0.0035471,-0.061556740957838404,1000.0,-0.017566598558492207,1000.0,-2.0917531228999096,1000.0,-9.681478558355575,1000.0,0.001700706472872823,0.005959602677055611,0.20251263008728793,0.9681478558355576,0.0,-1.0183440297183253,-15.0,10.8,0.4,0.21,0.001
13.2,0.9684788349200875,-0.017566598,-0.06155674,-0.07863237,0.003418099,-0.058164559527345484,1000.0,-0.01726928748696952,1000.0,-2.0947895471731153,1000.0,-9.684788349200874,1000.0,0.0016724939425280287,0.005633114484468363,0.20287593400489964,0.9684788349200875,0.0,-1.0031456291382108,-15.0,10.8,0.4,0.21,0.001
13.3,0.9687985477750698,-0.017269287,-0.058164559,-0.075215251,0.003300641,-0.0551212591140659,1000.0,-0.016981844848917894,1000.0,-2.0974473374873717,1000.0,-9.687985477750697,1000.0,0.0016451986628173208,0.005340139578124038,0.20320039345924526,0.9687985477750698,0.0,-0.988392326306341,-15.0,10.8,0.4,0.21,0.001
13.4,0.9691079416168312,-0.016981845,-0.055121258,-0.072121294,0.003193073,-0.052376058222159384,1000.0,-0.016703781348111495,1000.0,-2.0997891886681272,1000.0,-9.691079416168312,1000.0,0.0016187767159485953,0.00507580539736802,0.2034922378459445,0.9691079416168312,0.0,-0.9740649047863424,-15.0,10.8,0.4,0.21,0.001
13.5,0.9694078356268742,-0.016703781,-0.052376058,-0.069304753,0.003094058,-0.04988752475285042,1000.0,-0.016434640656962894,1000.0,-2.1018646381326023,1000.0,-9.694078356268742,1000.0,0.001593186942857183,0.004836135739544284,0.20375640496327893,0.9694078356268742,0.0,-0.9601452381291933,-15.0,10.8,0.4,0.21,0.001
13.6,0.9696989434481639,-0.01643464,-0.049887524,-0.06672823,0.003002494,-0.04762152725472102,1000.0,-0.016173996436534478,1000.0,-2.103713366810954,1000.0,-9.696989434481639,1000.0,0.0015683907255841854,0.004617854466429092,0.2039968629114362,0.9696989434481639,0.0,-0.9466162112910248,-15.0,10.8,0.4,0.21,0.001
13.7,0.9699818917694252,-0.016173996,-0.047621526,-0.064360844,0.002917473,-0.045549700331082514,1000.0,-0.015921449757341836,1000.0,-2.1053675508425784,1000.0,-9.699818917694252,1000.0,0.0015443517955338291,0.004418238449667384,0.2042168399836246,0.9699818917694252,0.0,-0.9334616518192808,-15.0,10.8,0.4,0.21,0.001
13.8,0.9702572343033523,-0.01592145,-0.045549699,-0.062176874,0.002838233,-0.04364828065304318,1000.0,-0.015676626819791293,1000.0,-2.1068535637589876,1000.0,-9.702572343033523,1000.0,0.0015210360581376459,0.00423500600685182,0.20441899118549567,0.9702572343033523,0.0,-0.9206662661985052,-15.0,10.8,0.4,0.21,0.001
13.9,0.9705254630855111,-0.015676627,-0.04364828,-0.060154713,0.00276413,-0.04189721319755259,1000.0,-0.015439176931191019,1000.0,-2.108193237204762,1000.0,-9.70525463085511,1000.0,0.0014984114340803305,0.004066231224054711,0.20460552178118946,0.9705254630855111,0.0,-0.9082155818863273,-15.0,10.8,0.4,0.21,0.001
14.0,0.9707870180558251,-0.015439177,-0.041897212,-0.058276083,0.00269462,-0.04027945750548152,1000.0,-0.015208770643110407,1000.0,-2.109404798403894,1000.0,-9.70787018055825,1000.0,0.0014764477100920126,0.0039102774440652735,0.20477827941151655,0.9707870180558251,0.0,-0.8960958915844898,-15.0,10.8,0.4,0.21,0.001
14.1,0.9710422944310668,-0.01520877,-0.040279457,-0.056525406,0.002629236,-0.03878044345143233,1000.0,-0.014985098129409263,1000.0,-2.110503589520733,1000.0,-9.710422944310668,1000.0,0.001455116406985626,0.0037657450788133088,0.20493882479732153,0.9710422944310668,0.0,-0.8842942043046813,-15.0,10.8,0.4,0.21,0.001
14.2,0.9712916488334158,-0.014985098,-0.038780443,-0.054889327,0.002567575,-0.037387640789897654,1000.0,-0.01476786766989828,1000.0,-2.1115026163359305,1000.0,-9.712916488334157,1000.0,0.0014343906538849195,0.0036314303268811165,0.20508848577369973,0.9712916488334158,0.0,-0.8727981974469157,-15.0,10.8,0.4,0.21,0.001
14.3,0.9715354044626823,-0.014767867,-0.03738764,-0.053356324,0.002509288,-0.03609021526095394,1000.0,-0.014556804366489672,1000.0,-2.1124129786437225,1000.0,-9.715354044626823,1000.0,0.0014142450817881682,0.0035062921880696153,0.20522839975988483,0.9715354044626823,0.0,-0.8615961774308419,-15.0,10.8,0.4,0.21,0.001
14.4,0.9717738556007741,-0.014556804,-0.036090214,-0.051916406,0.002454073,-0.03487875188285007,1000.0,-0.014351648860735037,1000.0,-2.113244205592061,1000.0,-9.71773855600774,1000.0,0.0013946557147624945,0.003389425919573998,0.2053595469494192,0.9717738556007741,0.0,-0.8506770370948888,-15.0,10.8,0.4,0.21,0.001
14.5,0.9720072707658387,-0.014351649,-0.034878751,-0.050560861,0.002401661,-0.033745030581705485,1000.0,-0.014152156267680386,1000.0,-2.114004526172797,1000.0,-9.720072707658387,1000.0,0.001375599878919967,0.0032800415077633314,0.20548277698718503,0.9720072707658387,0.0,-0.8400302212383399,-15.0,10.8,0.4,0.21,0.001
14.6,0.9722358963602626,-0.014152156,-0.03374503,-0.049282057,0.002351821,-0.03268184302873998,1000.0,-0.013958095160171538,1000.0,-2.1147010826205457,1000.0,-9.722358963602625,1000.0,0.001357056115953122,0.0031774460951752414,0.2055988302595604,0.9722358963602626,0.0,-0.8296456931694318,-15.0,10.8,0.4,0.21,0.001
14.7,0.9724599586733049,-0.013958095,-0.032681842,-0.048073281,0.002304343,-0.03168284207209303,1000.0,-0.013769246617324949,1000.0,-2.115340103776883,1000.0,-9.72459958673305,1000.0,0.0013390040996446365,0.0030810295292080436,0.20570835498988524,0.9724599586733049,0.0,-0.8195139015074725,-15.0,10.8,0.4,0.21,0.001
14.8,0.972679666472338,-0.013769246,-0.031682841,-0.046928598,0.002259044,-0.030742417147890225,1000.0,-0.013585403405469461,1000.0,-2.115927047726729,1000.0,-9.726796664723379,1000.0,0.00132142456533242,0.002990252405796335,0.20581192150626335,0.972679666472338,0.0,-0.8096257529745268,-15.0,10.8,0.4,0.21,0.001
14.9,0.9728952128211833,-0.013585403,-0.030742416,-0.045842747,0.00221576,-0.029855590768333874,1000.0,-0.013406369170653519,1000.0,-2.1164667151777836,1000.0,-9.728952128211832,1000.0,0.0013042992387442306,0.002904636133446034,0.20591003352918408,0.9728952128211833,0.0,-0.7999725837003767,-15.0,10.8,0.4,0.21,0.001
15.0,0.9731067766105351,-0.013406369,-0.02985559,-0.04481104,0.002174343,-0.029017931890320196,1000.0,-0.01323195775036195,1000.0,-2.116963347807322,1000.0,-9.731067766105351,1000.0,0.0012876107754701506,0.002823754616569354,0.20600313795874303,0.9731067766105351,0.0,-0.7905461354770021,-15.0,10.8,0.4,0.21,0.001
15.1,0.9733145241890866,-0.013231958,-0.029017931,-0.043829291,0.002134662,-0.02822548315314138,1000.0,-0.013061992501654556,1000.0,-2.1174207050843,1000.0,-9.733145241890865,1000.0,0.0012713427016709323,0.0027472272705206884,0.2060916326077246,0.9733145241890866,0.0,-0.781338531785933,-15.0,10.8,0.4,0.21,0.001
15.2,0.9735186105111663,-0.013061992,-0.028225482,-0.042893744,0.002096598,-0.027474699358546566,1000.0,-0.012896305714726901,1000.0,-2.1178421327837826,1000.0,-9.735186105111662,1000.0,0.0012554793620128148,0.0026747131143744288,0.2061758730389673,0.9735186105111663,0.0,-0.772342257064855,-15.0,10.8,0.4,0.21,0.001
15.3,0.9737191801894604,-0.012896305,-0.027474698,-0.042001025,0.002060043,-0.026762395309342935,1000.0,-0.012734738014399276,1000.0,-2.118230616113044,1000.0,-9.737191801894603,1000.0,0.001240005865930842,0.002605905762051966,0.2062561778973809,0.9737191801894604,0.0,-0.7635501342596143,-15.0,10.8,0.4,0.21,0.001
15.4,0.973916368452527,-0.012734738,-0.026762394,-0.041148088,0.002024899,-0.026085701354466258,1000.0,-0.012577137859993185,1000.0,-2.118588828664584,1000.0,-9.73916368452527,1000.0,0.001224908043013135,0.0025405291531678943,0.20633283382571047,0.973916368452527,0.0,-0.7549553068441655,-15.0,10.8,0.4,0.21,0.001
15.5,0.9741103020068332,-0.012577138,-0.0260857,-0.040332179,0.001991077,-0.025442025363058403,1000.0,-0.012423361088060234,1000.0,-2.1189191711022715,1000.0,-9.741103020068332,1000.0,0.0012101724021430294,0.0024783339010074333,0.20640609936905024,0.9741103020068332,0.0,-0.7465512223565502,-15.0,10.8,0.4,0.21,0.001
15.6,0.9743010999004934,-0.012423361,-0.025442025,-0.0395508,0.001958497,-0.024829020008959802,1000.0,-0.012273270446381197,1000.0,-2.1192238049937595,1000.0,-9.743010999004934,1000.0,0.001195786089528542,0.0024190941504180895,0.20647620841407288,0.9743010999004934,0.0,-0.7383316147288972,-15.0,10.8,0.4,0.21,0.001
15.7,0.9744888739988153,-0.01227327,-0.024829019,-0.03880168,0.001927084,-0.024244554693516836,1000.0,-0.012126735183609698,1000.0,-2.1195046819618812,1000.0,-9.744888739988152,1000.0,0.0011817368514357633,0.0023626048803887917,0.2065433730960251,0.9744888739988153,0.0,-0.7302904887684605,-15.0,10.8,0.4,0.21,0.001
15.8,0.9746737298507826,-0.012126735,-0.024244554,-0.038082749,0.001896772,-0.023686691033121602,1000.0,-0.011983630657749166,1000.0,-2.119763568017565,1000.0,-9.746737298507826,1000.0,0.0011680129990342568,0.002308679549707572,0.2066077863241483,0.9746737298507826,0.0,-0.7224221053657145,-15.0,10.8,0.4,0.21,0.001
15.9,0.9748557667770953,-0.01198363,-0.02368669,-0.037392117,0.001867496,-0.023153661807115162,1000.0,-0.011843838010775896,1000.0,-2.1200020654008718,1000.0,-9.748557667770953,1000.0,0.0011546033785578644,0.0022571480734672796,0.20666962390353927,0.9748557667770953,0.0,-0.7147209693123008,-15.0,10.8,0.4,0.21,0.001
16.0,0.975035078836247,-0.011843838,-0.023153661,-0.036728052,0.001839201,-0.022643852445232353,1000.0,-0.011707243794283258,1000.0,-2.120221631049006,1000.0,-9.75035078836247,1000.0,0.001141497337591414,0.002207855045409347,0.20672904651801835,0.975035078836247,0.0,-0.7071818144980996,-15.0,10.8,0.4,0.21,0.001
16.1,0.9752117548168192,-0.011707244,-0.022643852,-0.036088967,0.001811832,-0.02215578497125536,1000.0,-0.011573739706163367,1000.0,-2.1204235922670374,1000.0,-9.752117548168192,1000.0,0.0011286847008640675,0.002160658194116205,0.20678620123697214,0.9752117548168192,0.0,-0.6997995941997678,-15.0,10.8,0.4,0.21,0.001
16.2,0.9753858789128567,-0.011573739,-0.022155784,-0.035473401,0.001785341,-0.021688103894655465,1000.0,-0.01144322228914973,1000.0,-2.1206091614654445,1000.0,-9.753858789128566,1000.0,0.00111615574300975,0.002115427027924187,0.20684122307866284,0.9753858789128567,0.0,-0.6925694693003158,-15.0,10.8,0.4,0.21,0.001
16.3,0.9755575311075897,-0.011443222,-0.021688103,-0.03488001,0.001759684,-0.02123956375559219,1000.0,-0.01131559262748762,1000.0,-2.1207794470771244,1000.0,-9.755575311075896,1000.0,0.0011039011606691067,0.0020720416379207763,0.20689423614142788,0.9755575311075897,0.0,-0.685486795811432,-15.0,10.8,0.4,0.21,0.001
16.4,0.9757267870699514,-0.011315592,-0.021239563,-0.034307554,0.001734816,-0.020809018252097942,1000.0,-0.011190756152359586,1000.0,-2.1209354653549544,1000.0,-9.757267870699513,1000.0,0.0010919120545425111,0.0020303916521199504,0.20694535471935022,0.9757267870699514,0.0,-0.6785471178574336,-15.0,10.8,0.4,0.21,0.001
16.5,0.9758937190271143,-0.011190756,-0.020809017,-0.033754885,0.001710701,-0.020395410576561492,1000.0,-0.011068622360528689,1000.0,-2.1210781494994793,1000.0,-9.758937190271142,1000.0,0.001080179903992302,0.0019903753078645537,0.20699468436621965,0.9758937190271143,0.0,-0.6717461561012266,-15.0,10.8,0.4,0.21,0.001
16.6,0.9760583955644687,-0.011068622,-0.02039541,-0.033220942,0.001687301,-0.019997764828564173,1000.0,-0.010949104634387372,1000.0,-2.121208357561664,1000.0,-9.760583955644687,1000.0,0.0010686965502307627,0.001951898625344391,0.20704232261395797,0.9760583955644687,0.0,-0.6650798008973636,-15.0,10.8,0.4,0.21,0.001
16.7,0.9762208820113148,-0.010949104,-0.019997764,-0.032704741,0.001664582,-0.01961517850102222,1000.0,-0.010832120012197861,1000.0,-2.121326879778937,1000.0,-9.762208820113148,1000.0,0.0010574541752360212,0.0019148746857077295,0.20708835976121046,0.9762208820113148,0.0,-0.6585441027549925,-15.0,10.8,0.4,0.21,0.001
16.8,0.9763812407294759,-0.01083212,-0.019615177,-0.032205366,0.001642513,-0.01924681567477157,1000.0,-0.01071758899223663,1000.0,-2.121434445987899,1000.0,-9.763812407294758,1000.0,0.0010464452837868573,0.0018792229768624987,0.20713287964999127,0.9763812407294759,0.0,-0.6521352644028727,-15.0,10.8,0.4,0.21,0.001
16.9,0.9765395312070411,-0.010717589,-0.019246815,-0.031721969,0.001621064,-0.018891900976096578,1000.0,-0.010605435379872833,1000.0,-2.1215317291446363,1000.0,-9.76539531207041,1000.0,0.0010356626894107584,0.0018448688122807196,0.20717596002197666,0.9765395312070411,0.0,-0.6458496349481486,-15.0,10.8,0.4,0.21,0.001
17.0,0.97669581025001,-0.010605435,-0.0188919,-0.031253755,0.001600207,-0.0185497142813124,1000.0,-0.010495586100488822,1000.0,-2.121619353713648,1000.0,-9.7669581025001,1000.0,0.0010250994970465673,0.0018117428219892597,0.2072176733717454,0.97669581025001,0.0,-0.6396837019548575,-15.0,10.8,0.4,0.21,0.001
17.1,0.9768501322719325,-0.010495586,-0.018549713,-0.030799987,0.001579917,-0.018219585826363897,1000.0,-0.010387971030961977,1000.0,-2.1216978967659714,1000.0,-9.768501322719324,1000.0,0.0010147490875632211,0.0017797804824423399,0.20725808710969204,0.9768501322719325,0.0,-0.6336340844398604,-15.0,10.8,0.4,0.21,0.001
17.2,0.9770025491931402,-0.010387971,-0.018219585,-0.030359973,0.001560168,-0.017900891897834382,1000.0,-0.010282522873569571,1000.0,-2.1217678951290266,1000.0,-9.770025491931401,1000.0,0.0010046051059614245,0.0017489217017015023,0.20729726423372224,0.9770025491931402,0.0,-0.6276975278741662,-15.0,10.8,0.4,0.21,0.001
17.3,0.9771531109262798,-0.010282523,-0.017900891,-0.029933069,0.001540939,-0.017593050976979194,1000.0,-0.010179177000209049,1000.0,-2.121829846134072,1000.0,-9.771531109262797,1000.0,9.94661447242351E-4,0.0017191104492839846,0.20733526350061385,0.9771531109262798,0.0,-0.6218708976887042,-15.0,10.8,0.4,0.21,0.001
17.4,0.9773018651782831,-0.010179177,-0.01759305,-0.02951867,0.001522207,-0.017295520214406793,1000.0,-0.010077871330918092,1000.0,-2.121884213125713,1000.0,-9.77301865178283,1000.0,9.849122448733E-4,0.0016902944164768458,0.20737213991801132,0.9773018651782831,0.0,-0.616151174173122,-15.0,10.8,0.4,0.21,0.001
17.5,0.9774488578387127,-0.010077871,-0.017295519,-0.029116209,0.001503953,-0.017007792280021552,1000.0,-0.009978546202506147,1000.0,-2.121931427453228,1000.0,-9.774488578387126,1000.0,9.753518588530457E-4,0.0016624247138465143,0.20740794501762272,0.9774488578387127,0.0,-0.6105354470252471,-15.0,10.8,0.4,0.21,0.001
17.6,0.9775941327819837,-0.009978546,-0.017007791,-0.028725154,0.001486156,-0.01672939250742027,1000.0,-0.009881144249463862,1000.0,-2.1219718916295394,1000.0,-9.775941327819837,1000.0,9.659748643448309E-4,0.0016354555960260936,0.2074427271185325,0.9775941327819837,0.0,-0.6050209101243441,-15.0,10.8,0.4,0.21,0.001
17.7,0.9777377322561273,-0.009881144,-0.016729391,-0.028345006,0.001468799,-0.016459876316955415,1000.0,-0.009785610303606081,1000.0,-2.12200598069484,1000.0,-9.777377322561271,1000.0,9.567760426990004E-4,0.0016093442143356323,0.20747653153985127,0.9777377322561273,0.0,-0.5996048576095495,-15.0,10.8,0.4,0.21,0.001
17.8,0.9778796968808156,-0.00978561,-0.016459875,-0.027975294,0.001451865,-0.016198826860827704,1000.0,-0.009691891283422625,1000.0,-2.1220340456070304,1000.0,-9.778796968808155,1000.0,9.477503710435136E-4,0.0015840503900491011,0.2075094009288974,0.9778796968808156,0.0,-0.5942846790255466,-15.0,10.8,0.4,0.21,0.001
17.9,0.9780200657432488,-0.009691891,-0.016198826,-0.027615577,0.001435338,-0.015945852908260554,1000.0,-0.009599936096973865,1000.0,-2.122056413659999,1000.0,-9.780200657432488,1000.0,9.388930132693367E-4,0.0015595364109669164,0.20754137531986352,0.9780200657432488,0.0,-0.589057855202175,-15.0,10.8,0.4,0.21,0.001
18.0,0.9781588762985521,-0.009599936,-0.015945852,-0.027265437,0.001419201,-0.01570058692318684,1000.0,-0.009509695551155457,1000.0,-2.1220733922958765,1000.0,-9.781588762985521,1000.0,9.301993114259562E-4,0.001535766846201218,0.20757249248311913,0.9781588762985521,0.0,-0.5839219542964346,-15.0,10.8,0.4,0.21,0.001
18.1,0.9782961648571203,-0.009509695,-0.015700586,-0.026924481,0.001403442,-0.015462683275095453,1000.0,-0.00942112226854992,1000.0,-2.1220852687740392,1000.0,-9.782961648571202,1000.0,9.216647783972401E-4,0.0015127083746426218,0.20760278799414342,0.9782961648571203,0.0,-0.5788746285173451,-15.0,10.8,0.4,0.21,0.001
18.2,0.9784319661918354,-0.009421122,-0.015462682,-0.026592337,0.001388045,-0.015231816653574676,1000.0,-0.009334170589255574,1000.0,-2.1220923132476264,1000.0,-9.784319661918353,1000.0,9.132850882415334E-4,0.0014903296317030613,0.20763229544914555,0.9784319661918354,0.0,-0.5739136094007189,-15.0,10.8,0.4,0.21,0.001
18.3,0.9785663140257114,-0.00933417,-0.015231816,-0.026268655,0.001372999,-0.015007680568843927,1000.0,-0.009248796513766585,1000.0,-2.1220947782644815,1000.0,-9.785663140257114,1000.0,9.050560713650417E-4,0.0014686010656328895,0.20766104651794828,0.9785663140257114,0.0,-0.5690367058777467,-15.0,10.8,0.4,0.21,0.001
18.4,0.978699240737026,-0.009248796,-0.015007679,-0.025953101,0.00135829,-0.014789986071001033,1000.0,-0.009164957611088874,1000.0,-2.122092902502579,1000.0,-9.78699240737026,1000.0,8.969737055359707E-4,0.00144749481381999,0.2076890712452706,0.978699240737026,0.0,-0.5642417998235777,-15.0,10.8,0.4,0.21,0.001
18.5,0.9788307775536661,-0.009164957,-0.014789985,-0.025645361,0.001343906,-0.014578460438343958,1000.0,-0.009082612961765218,1000.0,-2.1220869098988513,1000.0,-9.78830777553666,1000.0,8.890341107583655E-4,0.0014269845766399576,0.20771639800527494,0.9788307775536661,0.0,-0.5595268438352752,-15.0,10.8,0.4,0.21,0.001
18.6,0.9789609547476696,-0.009082613,-0.014578459,-0.025345139,0.001329837,-0.014372846123939916,1000.0,-0.00900172307705734,1000.0,-2.1220770099513198,1000.0,-9.789609547476696,1000.0,8.812335417890183E-4,0.0014070455163933562,0.2077430535710024,0.9789609547476696,0.0,-0.5548898575606159,-15.0,10.8,0.4,0.21,0.001
18.7,0.9790898015362299,-0.009001722,-0.014372844,-0.025052149,0.001316072,-0.014172899681476675,1000.0,-0.008922249867723248,1000.0,-2.122063402059665,1000.0,-9.790898015362298,1000.0,8.735683852245809E-4,0.0013876541536329895,0.20776906351698943,0.9790898015362299,0.0,-0.5503289266940854,-15.0,10.8,0.4,0.21,0.001
18.8,0.9792173460805739,-0.008922249,-0.014172897,-0.024766126,0.0013026,-0.0139783908165185,1000.0,-0.008844156535715577,1000.0,-2.1220462722455133,1000.0,-9.792173460805738,1000.0,8.660351491224569E-4,0.0013687882757828314,0.20779445189684265,0.9792173460805739,0.0,-0.5458421974883605,-15.0,10.8,0.4,0.21,0.001
18.9,0.9793436156807402,-0.008844156,-0.01397839,-0.024486816,0.001289412,-0.01378910148461445,1000.0,-0.00876740755426498,1000.0,-2.122025795918078,1000.0,-9.793436156807402,1000.0,8.586304614340502E-4,0.001350426850493098,0.2078192415542211,0.9793436156807402,0.0,-0.5414278764626733,-15.0,10.8,0.4,0.21,0.001
19.0,0.9794686366766959,-0.008767407,-0.0137891,-0.024213973,0.001276498,-0.013604825184418174,1000.0,-0.008691968608898206,1000.0,-2.1220021410060474,1000.0,-9.794686366766959,1000.0,8.513510643394163E-4,0.0013325499575606848,0.2078434544076223,0.9794686366766959,0.0,-0.5370842276370309,-15.0,10.8,0.4,0.21,0.001
19.1,0.9795924346432805,-0.008691968,-0.013604824,-0.02394737,0.00126385,-0.013425366096518223,1000.0,-0.008617806538378748,1000.0,-2.121975463683691,1000.0,-9.795924346432804,1000.0,8.441938088215219E-4,0.001315138706046564,0.2078671110723211,0.9795924346432805,0.0,-0.5328095698700067,-15.0,10.8,0.4,0.21,0.001
19.2,0.9797150342914087,-0.008617806,-0.013425365,-0.023686786,0.001251459,-0.01325053846212413,1000.0,-0.008544889289028669,1000.0,-2.1219459129312055,1000.0,-9.797150342914087,1000.0,8.371556502817013E-4,0.0012981751743799572,0.20789023128519105,0.9797150342914087,0.0,-0.5286022747820948,-15.0,10.8,0.4,0.21,0.001
19.3,0.9798364595651889,-0.008544889,-0.013250537,-0.023432013,0.001239317,-0.013080165934231345,1000.0,-0.008473185869213,1000.0,-2.1219136290450398,1000.0,-9.798364595651888,1000.0,8.302336443327455E-4,0.0012816423479522433,0.20791283377866135,0.9798364595651889,0.0,-0.5244607647531284,-15.0,10.8,0.4,0.21,0.001
19.4,0.9799567337391353,-0.008473186,-0.013080165,-0.023182853,0.001227417,-0.012914080969356504,1000.0,-0.008402666305672594,1000.0,-2.1218787442414806,1000.0,-9.799567337391352,1000.0,8.234249427606802E-4,0.0012655240605973326,0.20793493635973795,0.9799567337391353,0.0,-0.5203835109903955,-15.0,10.8,0.4,0.21,0.001
19.5,0.9800758792214489,-0.008402666,-0.012914079,-0.022939116,0.00121575,-0.012752124334844179,1000.0,-0.008333301612229907,1000.0,-2.121841384410998,1000.0,-9.800758792214488,1000.0,8.167267904423744E-4,0.0012498049469413643,0.20795655603950655,0.9800758792214489,0.0,-0.5163690321412775,-15.0,10.8,0.4,0.21,0.001
19.6,0.9801939178472716,-0.008333301,-0.012752124,-0.022700621,0.00120431,-0.012594144517258613,1000.0,-0.00826506373142507,1000.0,-2.1218016686290833,1000.0,-9.801939178472715,1000.0,8.10136520016293E-4,0.0012344703856306456,0.20797770904684199,0.9801939178472716,0.0,-0.5124158915330215,-15.0,10.8,0.4,0.21,0.001
19.7,0.9803108707800461,-0.008265064,-0.012594144,-0.022467194,0.00119309,-0.01243999736506986,1000.0,-0.008197925497845544,1000.0,-2.1217597103826398,1000.0,-9.80310870780046,1000.0,8.036515483382909E-4,0.0012195064649453114,0.2079984109271224,0.9803108707800461,0.0,-0.5085226954543886,-15.0,10.8,0.4,0.21,0.001
19.8,0.980426758608906,-0.008197925,-0.012439996,-0.022238672,0.001182084,-0.012289545582117076,1000.0,-0.008131860632907585,1000.0,-2.1217156159339416,1000.0,-9.80426758608906,1000.0,7.97269376178095E-4,0.0012048999339851446,0.2080186764020013,0.980426758608906,0.0,-0.5046880933614757,-15.0,10.8,0.4,0.21,0.001
19.9,0.9805416012500436,-0.00813186,-0.012289545,-0.022014895,0.001171285,-0.012142658312878866,1000.0,-0.008066843670591997,1000.0,-2.121669487655575,1000.0,-9.805416012500435,1000.0,7.909875809796057E-4,0.0011906381625542398,0.2080385196749157,0.9805416012500436,0.0,-0.500910773897611,-15.0,10.8,0.4,0.21,0.001
20.0,0.9806554180441526,-0.008066843,-0.012142657,-0.021795714,0.001160687,-0.011999210830919397,1000.0,-0.00800284994707095,1000.0,-2.1216214214899813,1000.0,-9.806554180441525,1000.0,7.848038160389487E-4,0.0011767091113595186,0.20805795420226872,0.9806554180441526,0.0,-0.4971894647442555,-15.0,10.8,0.4,0.21,0.001
