,time,[ADP],[ATP],[C1__ADP],[C1__ATP],[C1__Fructose],[C1__GADP],[C1__Glucose],[C1__Phosphoglycerate],[C1__Pyruvate],[Glucose],[Pyruvate],[dummy],ADP_Ex,ATP_Ex,C1__R3,C1__R4,C1__R5,C1__R6,C2__R0,C2__R1,C2__R2,C2__R3,Glucose_Ex,Pyruvate_Ex,C1__default_max,C1__default_min,C1__default_rv_min,C2__Km,C3__default_min,C3__default_rv_min,C3__max_default,dt,max_adp,max_atp,max_glucose,max_pyruvate,min_adp,min_atp,min_glucose,min_pyruvate,rateOfADP,rateOfATP,rateOfGlcxt,rateOfPy
0.0,0.0,1.0,2.0,0.0,0.0,0.0,0.0,0.0,0.0,0.0,1.0,0.0,0.0,2.0,2.0,1.0,1.0,2.0,2.0,1.9047619047619047,1.8181818181818181,0.9090909090909091,2.0,1.0,2.0,1000.0,0.0,-1000.0,0.1,0.0,-1000.0,1000.0,1.0,1000.0,2.0,1.0,1000.0,0.0,-1000.0,0.0,0.0,2.0,2.0,1.0,2.0
0.1,0.1,0.8198641539541497,1.8099833016832383,0.0,0.0,0.0,0.0,0.0,0.0,0.0,0.9094876613791476,0.2,0.0,1.8099833016832383,1.8099833016832383,0.904991650841619,0.9049916508416191,1.8099833016832383,1.8099833016832383,1.715218949550519,1.6132169320075853,0.8153430414068853,1.8099833016832383,0.904991650841619,1.8099833016832383,1000.0,0.0,-1000.0,0.1,0.0,-1000.0,1000.0,1.0,1000.0,1.8099833016832383,0.9094876613791476,1000.0,0.0,-1000.0,0.0,0.0,1.8099833016832383,1.8099833016832383,0.904991650841619,1.8099833016832383
0.2,0.2,0.6604867920471423,1.6389142558539809,0.0,0.0,0.0,0.0,0.0,0.0,0.0,0.8283356051893056,0.38099833016832385,0.0,1.6389142558539809,1.6389142558539809,0.8194571279269902,0.8194571279269903,1.6389142558539807,1.6389142558539807,1.5446649706844189,1.423405679900648,0.7311854809766519,1.6389142558539807,0.8194571279269902,1.6389142558539807,1000.0,0.0,-1000.0,0.1,0.0,-1000.0,1000.0,1.0,1000.0,1.6389142558539809,0.8283356051893056,1000.0,0.0,-1000.0,0.0,0.0,1.6389142558539809,1.6389142558539809,0.8194571279269902,1.6389142558539807
0.30000000000000004,0.30000000000000004,0.5204362510681808,1.484893065735878,0.0,0.0,0.0,0.0,0.0,0.0,0.0,0.7555835882061798,0.5448897557537218,0.0,1.4848930657358779,1.484893065735878,0.7424465328679389,0.7424465328679389,1.4848930657358779,1.4848930657358779,1.3912026396851824,1.2455625844528457,0.6556699112610945,1.4848930657358779,0.7424465328679389,1.4848930657358779,1000.0,0.0,-1000.0,0.1,0.0,-1000.0,1000.0,1.0,1000.0,1.484893065735878,0.7555835882061798,1000.0,0.0,-1000.0,0.0,0.0,1.4848930657358779,1.484893065735878,0.7424465328679389,1.4848930657358779
0.4,0.4,0.39862187117249376,1.3462095353802646,0.0,0.0,0.0,0.0,0.0,0.0,0.0,0.6903663502156668,0.6933790623273092,0.0,1.3462095353802646,1.3462095353802646,0.6731047676901322,0.6731047676901323,1.3462095353802646,1.3462095353802646,1.253124162725306,1.0762234771645078,0.5879411258541073,1.3462095353802646,0.6731047676901322,1.3462095353802646,1000.0,0.0,-1000.0,0.1,0.0,-1000.0,1000.0,1.0,1000.0,1.3462095353802646,0.6903663502156668,1000.0,0.0,-1000.0,0.0,0.0,1.3462095353802646,1.3462095353802646,0.6731047676901322,1.3462095353802646
0.5,0.5,0.29433548857646313,1.2213246440862706,0.0,0.0,0.0,0.0,0.0,0.0,0.0,0.6319045679878842,0.8280000158653351,0.0,1.2213246440862706,1.2213246440862706,0.6106623220431352,0.6106623220431353,1.2213246440862706,1.2213246440862706,1.1288928068725745,0.9116074922024245,0.527227630041972,1.2213246440862706,0.6106623220431352,1.2213246440862706,1000.0,0.0,-1000.0,0.1,0.0,-1000.0,1000.0,1.0,1000.0,1.2213246440862706,0.6319045679878842,1000.0,0.0,-1000.0,0.0,0.0,1.2213246440862706,1.2213246440862706,0.6106623220431352,1.2213246440862706
0.6000000000000001,0.6000000000000001,0.2072748804323529,1.1088533669150542,0.0,0.0,0.0,0.0,0.0,0.0,0.0,0.5794964013694179,0.9501324802739616,0.0,1.108853366915054,1.1088533669150542,0.554426683457527,0.554426683457527,1.108853366915054,1.108853366915054,1.0171256688117842,0.7479864566896443,0.4728329204383017,1.108853366915054,0.554426683457527,1.108853366915054,1000.0,0.0,-1000.0,0.1,0.0,-1000.0,1000.0,1.0,1000.0,1.1088533669150542,0.5794964013694179,1000.0,0.0,-1000.0,0.0,0.0,1.108853366915054,1.1088533669150542,0.554426683457527,1.108853366915054
0.7000000000000001,0.7000000000000001,0.13746259244731837,1.0075487805589227,0.0,0.0,0.0,0.0,0.0,0.0,0.0,0.5325096747007946,1.0610178169654667,0.0,1.0075487805589225,1.0075487805589227,0.5037743902794612,0.5037743902794612,1.0075487805589225,1.0075487805589225,0.9165777282455009,0.5832508858147432,0.42412748361075786,1.0075487805589225,0.5037743902794612,1.0075487805589225,1000.0,0.0,-1000.0,0.1,0.0,-1000.0,1000.0,1.0,1000.0,1.0075487805589227,0.5325096747007946,1000.0,0.0,-1000.0,0.0,0.0,1.0075487805589225,1.0075487805589227,0.5037743902794612,1.0075487805589225
0.8,0.8,0.08489862843637824,0.9162884512364683,0.0,0.0,0.0,0.0,0.0,0.0,0.0,0.49037530399870266,1.1617726950213585,0.0,0.9162884512364684,0.9162884512364683,0.45814422561823404,0.45814422561823415,0.9162884512364683,0.9162884512364683,0.8261281773376884,0.4207258508076859,0.38054202537117887,0.9162884512364683,0.45814422561823404,0.9162884512364683,1000.0,0.0,-1000.0,0.1,0.0,-1000.0,1000.0,1.0,1000.0,0.9162884512364683,0.49037530399870266,1000.0,0.0,-1000.0,0.0,0.0,0.9162884512364684,0.9162884512364683,0.45814422561823404,0.9162884512364683
0.9,0.9,0.04874785277114514,0.8340620069043564,0.0,0.0,0.0,0.0,0.0,0.0,0.0,0.4525812798894307,1.2534015401450054,0.0,0.8340620069043565,0.8340620069043564,0.41703100345217814,0.4170310034521782,0.8340620069043564,0.8340620069043564,0.7447679342690094,0.27333995857496235,0.3415613814020746,0.8340620069043564,0.41703100345217814,0.8340620069043564,1000.0,0.0,-1000.0,0.1,0.0,-1000.0,1000.0,1.0,1000.0,0.8340620069043564,0.4525812798894307,1000.0,0.0,-1000.0,0.0,0.0,0.8340620069043565,0.8340620069043564,0.41703100345217814,0.8340620069043564
1.0,1.0,0.026455998639147046,0.7599601496417535,0.0,0.0,0.0,0.0,0.0,0.0,0.0,0.4186673400492474,1.3368077408354415,0.0,0.7599601496417536,0.7599601496417535,0.3799800748208767,0.37998007482087676,0.7599601496417535,0.7599601496417535,0.6715885954530691,0.15899209923683402,0.30671923005960877,0.7599601496417535,0.3799800748208767,0.7599601496417535,1000.0,0.0,-1000.0,0.1,0.0,-1000.0,1000.0,1.0,1000.0,0.7599601496417535,0.4186673400492474,1000.0,0.0,-1000.0,0.0,0.0,0.7599601496417536,0.7599601496417535,0.3799800748208767,0.7599601496417535
1.1,1.1,0.014012376772392162,0.6931641020882983,0.0,0.0,0.0,0.0,0.0,0.0,0.0,0.38821984408615284,1.4128037557996174,0.0,0.6931641020882982,0.6931641020882983,0.3465820510441491,0.3465820510441491,0.6931641020882982,0.6931641020882982,0.6057718335447161,0.08519142253255867,0.27559311947114445,0.6931641020882982,0.3465820510441491,0.6931641020882982,1000.0,0.0,-1000.0,0.1,0.0,-1000.0,1000.0,1.0,1000.0,0.6931641020882983,0.38821984408615284,1000.0,0.0,-1000.0,0.0,0.0,0.6931641020882982,0.6931641020882983,0.3465820510441491,0.6931641020882982
1.2000000000000002,1.2000000000000002,0.007479123935748937,0.6329372616890968,0.0,0.0,0.0,0.0,0.0,0.0,0.0,0.3608676914283065,1.4821201660084469,0.0,0.6329372616890969,0.6329372616890968,0.31646863084454835,0.3164686308445484,0.6329372616890968,0.6329372616890968,0.5465809942740038,0.04404405293214141,0.24780062986930992,0.6329372616890968,0.31646863084454835,0.6329372616890968,1000.0,0.0,-1000.0,0.1,0.0,-1000.0,1000.0,1.0,1000.0,0.6329372616890968,0.3608676914283065,1000.0,0.0,-1000.0,0.0,0.0,0.6329372616890969,0.6329372616890968,0.31646863084454835,0.6329372616890968
1.3,1.3,0.004107797564802709,0.5786166673183544,0.0,0.0,0.0,0.0,0.0,0.0,0.0,0.33627812200712387,1.5454138921773568,0.0,0.5786166673183543,0.5786166673183544,0.28930833365917713,0.28930833365917713,0.5786166673183543,0.5786166673183543,0.4933525270188188,0.02283056785909924,0.22299551184537708,0.5786166673183543,0.28930833365917713,0.5786166673183543,1000.0,0.0,-1000.0,0.1,0.0,-1000.0,1000.0,1.0,1000.0,0.5786166673183544,0.33627812200712387,1000.0,0.0,-1000.0,0.0,0.0,0.5786166673183543,0.5786166673183544,0.28930833365917713,0.5786166673183543
1.4000000000000001,1.4000000000000001,0.002344116962159297,0.5296057570792814,0.0,0.0,0.0,0.0,0.0,0.0,0.0,0.31415310897681786,1.6032755589091912,0.0,0.5296057570792813,0.5296057570792814,0.26480287853964063,0.26480287853964063,0.5296057570792813,0.5296057570792813,0.44548871222630804,0.012130231568520696,0.20086447682297912,0.5296057570792813,0.26480287853964063,0.5296057570792813,1000.0,0.0,-1000.0,0.1,0.0,-1000.0,1000.0,1.0,1000.0,0.5296057570792814,0.31415310897681786,1000.0,0.0,-1000.0,0.0,0.0,0.5296057570792813,0.5296057570792814,0.26480287853964063,0.5296057570792813
1.5,1.5,0.0013934896127830443,0.48536780066056734,0.0,0.0,0.0,0.0,0.0,0.0,0.0,0.2942260470795741,1.6562361346171188,0.0,0.4853678006605673,0.48536780066056734,0.24268390033028364,0.24268390033028364,0.4853678006605673,0.4853678006605673,0.4024510771727283,0.006670595826051747,0.18112431995042658,0.4853678006605673,0.24268390033028364,0.4853678006605673,1000.0,0.0,-1000.0,0.1,0.0,-1000.0,1000.0,1.0,1000.0,0.48536780066056734,0.2942260470795741,1000.0,0.0,-1000.0,0.0,0.0,0.4853678006605673,0.48536780066056734,0.24268390033028364,0.4853678006605673
1.6,1.6,0.000862221932052531,0.44541998509793784,0.0,0.0,0.0,0.0,0.0,0.0,0.0,0.27625872185615685,1.7047729146831758,0.0,0.4454199850979379,0.44541998509793784,0.22270999254896887,0.22270999254896892,0.44541998509793784,0.44541998509793784,0.3637544801168623,0.0038076781650187687,0.1635193400505238,0.44541998509793784,0.22270999254896887,0.44541998509793784,1000.0,0.0,-1000.0,0.1,0.0,-1000.0,1000.0,1.0,1000.0,0.44541998509793784,0.27625872185615685,1000.0,0.0,-1000.0,0.0,0.0,0.4454199850979379,0.44541998509793784,0.22270999254896887,0.44541998509793784
1.7000000000000002,1.7000000000000002,0.0005540058579285268,0.4093280851409147,0.0,0.0,0.0,0.0,0.0,0.0,0.0,0.2600385359479099,1.7493149131929697,0.0,0.40932808514091473,0.4093280851409147,0.20466404257045728,0.20466404257045734,0.4093280851409147,0.4093280851409147,0.3289617953009058,0.002255207587683122,0.14781900457150596,0.4093280851409147,0.20466404257045728,0.4093280851409147,1000.0,0.0,-1000.0,0.1,0.0,-1000.0,1000.0,1.0,1000.0,0.4093280851409147,0.2600385359479099,1000.0,0.0,-1000.0,0.0,0.0,0.40932808514091473,0.4093280851409147,0.20466404257045728,0.4093280851409147
1.8,1.8,0.0003685954946610486,0.3767016643810437,0.0,0.0,0.0,0.0,0.0,0.0,0.0,0.24537597013963158,1.790247721707062,0.0,0.37670166438104374,0.3767016643810437,0.1883508321905218,0.18835083219052184,0.3767016643810437,0.3767016643810437,0.2976791451561196,0.001383406190331288,0.13381581861839234,0.3767016643810437,0.1883508321905218,0.3767016643810437,1000.0,0.0,-1000.0,0.1,0.0,-1000.0,1000.0,1.0,1000.0,0.3767016643810437,0.24537597013963158,1000.0,0.0,-1000.0,0.0,0.0,0.37670166438104374,0.3767016643810437,0.1883508321905218,0.3767016643810437
1.9000000000000001,1.9000000000000001,0.00025319235275634785,0.3471897519673107,0.0,0.0,0.0,0.0,0.0,0.0,0.0,0.23210225953918132,1.8279178881451665,0.0,0.34718975196731067,0.3471897519673107,0.17359487598365533,0.17359487598365533,0.34718975196731067,0.34718975196731067,0.2695516239825062,0.0008768378152406971,0.12132336291881432,0.34718975196731067,0.17359487598365533,0.34718975196731067,1000.0,0.0,-1000.0,0.1,0.0,-1000.0,1000.0,1.0,1000.0,0.3471897519673107,0.23210225953918132,1000.0,0.0,-1000.0,0.0,0.0,0.34718975196731067,0.3471897519673107,0.17359487598365533,0.34718975196731067
2.0,2.0,0.00017905557716685246,0.32047694368616797,0.0,0.0,0.0,0.0,0.0,0.0,0.0,0.2200672684155078,1.8626368633418973,0.0,0.3204769436861679,0.32047694368616797,0.16023847184308396,0.16023847184308396,0.3204769436861679,0.3204769436861679,0.2442594605403233,0.0005728061997569343,0.11017447353537067,0.3204769436861679,0.16023847184308396,0.3204769436861679,1000.0,0.0,-1000.0,0.1,0.0,-1000.0,1000.0,1.0,1000.0,0.32047694368616797,0.2200672684155078,1000.0,0.0,-1000.0,0.0,0.0,0.3204769436861679,0.32047694368616797,0.16023847184308396,0.3204769436861679
2.1,2.1,0.0001300219857145986,0.2962798871180865,0.0,0.0,0.0,0.0,0.0,0.0,0.0,0.20913755024194236,1.8946845577105131,0.0,0.2962798871180865,0.2962798871180865,0.14813994355904322,0.14813994355904325,0.2962798871180865,0.2962798871180865,0.2215145768539805,0.00038472876052985115,0.10021954584511185,0.2962798871180865,0.14813994355904322,0.2962798871180865,1000.0,0.0,-1000.0,0.1,0.0,-1000.0,1000.0,1.0,1000.0,0.2962798871180865,0.20913755024194236,1000.0,0.0,-1000.0,0.0,0.0,0.2962798871180865,0.2962798871180865,0.14813994355904322,0.2962798871180865
2.2,2.2,9.671307638831265e-05,0.27434410694885786,0.0,0.0,0.0,0.0,0.0,0.0,0.0,0.19919458025326406,1.9243125464223219,0.0,0.2743441069488579,0.27434410694885786,0.1371720534744289,0.13717205347442893,0.27434410694885786,0.27434410694885786,0.2010574966199451,0.0002650702681094037,0.09132494843719371,0.27434410694885786,0.1371720534744289,0.27434410694885786,1000.0,0.0,-1000.0,0.1,0.0,-1000.0,1000.0,1.0,1000.0,0.27434410694885786,0.19919458025326406,1000.0,0.0,-1000.0,0.0,0.0,0.2743441069488579,0.27434410694885786,0.1371720534744289,0.27434410694885786
2.3000000000000003,2.3000000000000003,7.352513599158628e-05,0.25444114020408287,0.0,0.0,0.0,0.0,0.0,0.0,0.0,0.19013314969451514,1.9517469571172072,0.0,0.2544411402040829,0.25444114020408287,0.1272205701020414,0.12722057010204144,0.25444114020408287,0.25444114020408287,0.1826545693625663,0.0001869407459159363,0.08337154070433433,0.25444114020408287,0.1272205701020414,0.25444114020408287,1000.0,0.0,-1000.0,0.1,0.0,-1000.0,1000.0,1.0,1000.0,0.25444114020408287,0.19013314969451514,1000.0,0.0,-1000.0,0.0,0.0,0.2544411402040829,0.25444114020408287,0.1272205701020414,0.25444114020408287
2.4000000000000004,2.4000000000000004,5.701651681422343e-05,0.23636594612102407,0.0,0.0,0.0,0.0,0.0,0.0,0.0,0.18185991108347835,1.977191071137616,0.0,0.23636594612102405,0.23636594612102407,0.11818297306051202,0.11818297306051202,0.23636594612102405,0.23636594612102405,0.16609547170267142,0.00013469083339152406,0.07625328798887024,0.23636594612102405,0.11818297306051202,0.23636594612102405,1000.0,0.0,-1000.0,0.1,0.0,-1000.0,1000.0,1.0,1000.0,0.23636594612102407,0.18185991108347835,1000.0,0.0,-1000.0,0.0,0.0,0.23636594612102405,0.23636594612102407,0.11818297306051202,0.23636594612102405
2.5,2.5,4.501895470665545e-05,0.21993456600563444,0.0,0.0,0.0,0.0,0.0,0.0,0.0,0.17429206430239758,2.000827665749718,0.0,0.21993456600563444,0.21993456600563444,0.1099672830028172,0.10996728300281722,0.21993456600563444,0.21993456600563444,0.1511909573510569,9.896768843552479e-05,0.06987597256607701,0.21993456600563444,0.1099672830028172,0.21993456600563444,1000.0,0.0,-1000.0,0.1,0.0,-1000.0,1000.0,1.0,1000.0,0.21993456600563444,0.17429206430239758,1000.0,0.0,-1000.0,0.0,0.0,0.21993456600563444,0.21993456600563444,0.1099672830028172,0.21993456600563444
2.6,2.6,3.6133708705454505e-05,0.20498200730162494,0.0,0.0,0.0,0.0,0.0,0.0,0.0,0.16735617364531225,2.02282112235028,0.0,0.20498200730162497,0.20498200730162494,0.10249100365081246,0.10249100365081247,0.20498200730162494,0.20498200730162494,0.13777082684044473,7.404084771272708e-05,0.06415599823336432,0.20498200730162494,0.10249100365081246,0.20498200730162494,1000.0,0.0,-1000.0,0.1,0.0,-1000.0,1000.0,1.0,1000.0,0.20498200730162494,0.16735617364531225,1000.0,0.0,-1000.0,0.0,0.0,0.20498200730162497,0.20498200730162494,0.10249100365081246,0.20498200730162494
2.7,2.7,2.9438377998464057e-05,0.19136033004701483,0.0,0.0,0.0,0.0,0.0,0.0,0.0,0.16098710609223738,2.0433193230804423,0.0,0.1913603300470148,0.19136033004701483,0.0956801650235074,0.0956801650235074,0.1913603300470148,0.1913603300470148,0.12568209237610875,5.631679854631591e-05,0.0590192868459884,0.1913603300470148,0.0956801650235074,0.1913603300470148,1000.0,0.0,-1000.0,0.1,0.0,-1000.0,1000.0,1.0,1000.0,0.19136033004701483,0.16098710609223738,1000.0,0.0,-1000.0,0.0,0.0,0.1913603300470148,0.19136033004701483,0.0956801650235074,0.1913603300470148
2.8000000000000003,2.8000000000000003,2.431219623786808e-05,0.1789369177947864,0.0,0.0,0.0,0.0,0.0,0.0,0.0,0.15512708117662485,2.0624553560851435,0.0,0.17893691779478638,0.1789369177947864,0.08946845889739319,0.08946845889739319,0.17893691779478638,0.17893691779478638,0.11478731751619219,4.3492920512076675e-05,0.05440026524081541,0.17893691779478638,0.08946845889739319,0.17893691779478638,1000.0,0.0,-1000.0,0.1,0.0,-1000.0,1000.0,1.0,1000.0,0.1789369177947864,0.15512708117662485,1000.0,0.0,-1000.0,0.0,0.0,0.17893691779478638,0.1789369177947864,0.08946845889739319,0.17893691779478638
2.9000000000000004,2.9000000000000004,2.0329423420030355e-05,0.16759291325181394,0.0,0.0,0.0,0.0,0.0,0.0,0.0,0.14972482291444977,2.080349047864621,0.0,0.1675929132518139,0.16759291325181394,0.08379645662590696,0.08379645662590696,0.1675929132518139,0.1675929132518139,0.10496311068521781,3.4063747993363106e-05,0.050240939137517836,0.1675929132518139,0.08379645662590696,0.1675929132518139,1000.0,0.0,-1000.0,0.1,0.0,-1000.0,1000.0,1.0,1000.0,0.16759291325181394,0.14972482291444977,1000.0,0.0,-1000.0,0.0,0.0,0.1675929132518139,0.16759291325181394,0.08379645662590696,0.1675929132518139
3.0,3.0,1.7192899295333253e-05,0.1572218069003773,0.0,0.0,0.0,0.0,0.0,0.0,0.0,0.14473480518749524,2.097108339189803,0.0,0.15722180690037726,0.1572218069003773,0.07861090345018863,0.07861090345018863,0.15722180690037726,0.15722180690037726,0.0960987595215562,2.7026340319210873e-05,0.04649005190642739,0.15722180690037726,0.07861090345018863,0.15722180690037726,1000.0,0.0,-1000.0,0.1,0.0,-1000.0,1000.0,1.0,1000.0,0.1572218069003773,0.14473480518749524,1000.0,0.0,-1000.0,0.0,0.0,0.15722180690037726,0.1572218069003773,0.07861090345018863,0.15722180690037726
3.1,3.1,1.4691788233507865e-05,0.14772816400664815,0.0,0.0,0.0,0.0,0.0,0.0,0.0,0.14011658175449987,2.1128305198798394,0.0,0.14772816400664818,0.14772816400664815,0.07386408200332406,0.07386408200332407,0.14772816400664815,0.14772816400664815,0.08809499125093208,2.170072079316186e-05,0.043102323917477155,0.14772816400664815,0.07386408200332406,0.14772816400664815,1000.0,0.0,-1000.0,0.1,0.0,-1000.0,1000.0,1.0,1000.0,0.14772816400664815,0.14011658175449987,1000.0,0.0,-1000.0,0.0,0.0,0.14772816400664818,0.14772816400664815,0.07386408200332406,0.14772816400664815
3.2,3.2,1.2674228536753574e-05,0.13902646972584415,0.0,0.0,0.0,0.0,0.0,0.0,0.0,0.13583419166289687,2.1276033362805054,0.0,0.13902646972584412,0.13902646972584415,0.06951323486292206,0.06951323486292206,0.13902646972584412,0.13902646972584412,0.08086284044859166,1.7618299516089044e-05,0.04003776552034056,0.13902646972584412,0.06951323486292206,0.13902646972584412,1000.0,0.0,-1000.0,0.1,0.0,-1000.0,1000.0,1.0,1000.0,0.13902646972584415,0.13583419166289687,1000.0,0.0,-1000.0,0.0,0.0,0.13902646972584412,0.13902646972584415,0.06951323486292206,0.13902646972584412
3.3000000000000003,3.3000000000000003,1.102926179541297e-05,0.13104009667514455,0.0,0.0,0.0,0.0,0.0,0.0,0.0,0.1318556344533011,2.141505983253092,0.0,0.13104009667514452,0.13104009667514455,0.06552004833757226,0.06552004833757226,0.13104009667514452,0.13104009667514452,0.07432262704068782,1.4451161462833722e-05,0.037261063606809156,0.13104009667514452,0.06552004833757226,0.13104009667514452,1000.0,0.0,-1000.0,0.1,0.0,-1000.0,1000.0,1.0,1000.0,0.13104009667514455,0.1318556344533011,1000.0,0.0,-1000.0,0.0,0.0,0.13104009667514452,0.13104009667514455,0.06552004833757226,0.13104009667514452
3.4000000000000004,3.4000000000000004,9.67473269850521e-06,0.123700373359527,0.0,0.0,0.0,0.0,0.0,0.0,0.0,0.1281524063243336,2.154609992920606,0.0,0.123700373359527,0.123700373359527,0.06185018667976349,0.0618501866797635,0.123700373359527,0.123700373359527,0.06840302561629454,1.1966522740498737e-05,0.03474103290128464,0.123700373359527,0.06185018667976349,0.123700373359527,1000.0,0.0,-1000.0,0.1,0.0,-1000.0,1000.0,1.0,1000.0,0.123700373359527,0.1281524063243336,1000.0,0.0,-1000.0,0.0,0.0,0.123700373359527,0.123700373359527,0.06185018667976349,0.123700373359527
3.5,3.5,8.549060265580484e-06,0.11694574353101173,0.0,0.0,0.0,0.0,0.0,0.0,0.0,0.12469909064077188,2.1669800302565587,0.0,0.11694574353101174,0.11694574353101173,0.05847287176550585,0.05847287176550586,0.11694574353101173,0.11694574353101173,0.0630402178324655,9.996907450854714e-06,0.03245012659161155,0.11694574353101173,0.05847287176550585,0.11694574353101173,1000.0,0.0,-1000.0,0.1,0.0,-1000.0,1000.0,1.0,1000.0,0.11694574353101173,0.12469909064077188,1000.0,0.0,-1000.0,0.0,0.0,0.11694574353101174,0.11694574353101173,0.05847287176550585,0.11694574353101173
3.6,3.6,7.605556690378915e-06,0.1107210089426853,0.0,0.0,0.0,0.0,0.0,0.0,0.0,0.12147299689649793,2.1786746046096583,0.0,0.1107210089426853,0.1107210089426853,0.055360504471342636,0.05536050447134264,0.11072100894268529,0.11072100894268529,0.05817712188641144,8.420308691944367e-06,0.0303640014000384,0.11072100894268529,0.055360504471342636,0.11072100894268529,1000.0,0.0,-1000.0,0.1,0.0,-1000.0,1000.0,1.0,1000.0,0.1107210089426853,0.12147299689649793,1000.0,0.0,-1000.0,0.0,0.0,0.1107210089426853,0.1107210089426853,0.055360504471342636,0.11072100894268529
3.7,3.7,6.8084397525235215e-06,0.10497665354425528,0.0,0.0,0.0,0.0,0.0,0.0,0.0,0.11845384335733034,2.1897467055039255,0.0,0.10497665354425528,0.10497665354425528,0.052488326772127634,0.05248832677212764,0.10497665354425528,0.10497665354425528,0.05376269735504937,7.146785626182368e-06,0.028461133674741297,0.10497665354425528,0.052488326772127634,0.10497665354425528,1000.0,0.0,-1000.0,0.1,0.0,-1000.0,1000.0,1.0,1000.0,0.10497665354425528,0.11845384335733034,1000.0,0.0,-1000.0,0.0,0.0,0.10497665354425528,0.10497665354425528,0.052488326772127634,0.10497665354425528
3.8000000000000003,3.8000000000000003,6.129974445637321e-06,0.09966825394129795,0.0,0.0,0.0,0.0,0.0,0.0,0.0,0.11562347991749927,2.200244370858351,0.0,0.09966825394129797,0.09966825394129795,0.04983412697064896,0.04983412697064898,0.09966825394129795,0.09966825394129795,0.04975132825385232,6.109264000692418e-06,0.02672248486668318,0.09966825394129795,0.04983412697064896,0.09966825394129795,1000.0,0.0,-1000.0,0.1,0.0,-1000.0,1000.0,1.0,1000.0,0.09966825394129795,0.11562347991749927,1000.0,0.0,-1000.0,0.0,0.0,0.09966825394129797,0.09966825394129795,0.04983412697064896,0.09966825394129795
3.9000000000000004,3.9000000000000004,5.548492390924542e-06,0.09475591601706897,0.0,0.0,0.0,0.0,0.0,0.0,0.0,0.11296563955815307,2.2102111962524815,0.0,0.09475591601706895,0.09475591601706897,0.04737795800853447,0.047377958008534476,0.09475591601706895,0.09475591601706895,0.046102238144318596,5.257233092979782e-06,0.02513119646200936,0.09475591601706895,0.04737795800853447,0.09475591601706895,1000.0,0.0,-1000.0,0.1,0.0,-1000.0,1000.0,1.0,1000.0,0.09475591601706897,0.11296563955815307,1000.0,0.0,-1000.0,0.0,0.0,0.09475591601706895,0.09475591601706897,0.04737795800853447,0.09475591601706895
4.0,4.0,5.046897364260017e-06,0.09020379970712235,0.0,0.0,0.0,0.0,0.0,0.0,0.0,0.11046572376915814,2.219686787854188,0.0,0.09020379970712233,0.09020379970712235,0.04510189985356117,0.04510189985356117,0.09020379970712233,0.09020379970712233,0.04277898493159261,4.552263441817483e-06,0.023672329733616323,0.09020379970712233,0.04510189985356117,0.09020379970712233,1000.0,0.0,-1000.0,0.1,0.0,-1000.0,1000.0,1.0,1000.0,0.09020379970712235,0.11046572376915814,1000.0,0.0,-1000.0,0.0,0.0,0.09020379970712233,0.09020379970712235,0.04510189985356117,0.09020379970712233
4.1000000000000005,4.1000000000000005,4.61159185753491e-06,0.0859796819020393,0.0,0.0,0.0,0.0,0.0,0.0,0.0,0.10811061208837532,2.2287071678249015,0.0,0.0859796819020393,0.0859796819020393,0.042989840951019646,0.04298984095101965,0.0859796819020393,0.0859796819020393,0.039748996365472355,3.964849167067509e-06,0.022332633459474824,0.0859796819020393,0.042989840951019646,0.0859796819020393,1000.0,0.0,-1000.0,0.1,0.0,-1000.0,1000.0,1.0,1000.0,0.0859796819020393,0.10811061208837532,1000.0,0.0,-1000.0,0.0,0.0,0.0859796819020393,0.0859796819020393,0.042989840951019646,0.0859796819020393
4.2,4.2,4.231670422730831e-06,0.08205457285471114,0.0,0.0,0.0,0.0,0.0,0.0,0.0,0.10588849555324358,2.2373051360151046,0.0,0.08205457285471116,0.08205457285471114,0.041027286427355564,0.04102728642735557,0.08205457285471114,0.08205457285471114,0.03698315741699242,3.472132160801247e-06,0.021100341836735762,0.08205457285471114,0.041027286427355564,0.08205457285471114,1000.0,0.0,-1000.0,0.1,0.0,-1000.0,1000.0,1.0,1000.0,0.08205457285471114,0.10588849555324358,1000.0,0.0,-1000.0,0.0,0.0,0.08205457285471116,0.08205457285471114,0.041027286427355564,0.08205457285471114
4.3,4.3,3.8983203893075515e-06,0.07840237128532766,0.0,0.0,0.0,0.0,0.0,0.0,0.0,0.10378872979909949,2.2455105933005752,0.0,0.07840237128532768,0.07840237128532766,0.039201185642663824,0.03920118564266383,0.07840237128532766,0.07840237128532766,0.03445543788950699,3.056256482846917e-06,0.019964996437642806,0.07840237128532766,0.039201185642663824,0.07840237128532766,1000.0,0.0,-1000.0,0.1,0.0,-1000.0,1000.0,1.0,1000.0,0.07840237128532766,0.10378872979909949,1000.0,0.0,-1000.0,0.0,0.0,0.07840237128532768,0.07840237128532766,0.039201185642663824,0.07840237128532766
4.4,4.4,3.604369196686223e-06,0.07499955683535192,0.0,0.0,0.0,0.0,0.0,0.0,0.0,0.10180170577767154,2.2533508304291074,0.0,0.07499955683535192,0.07499955683535192,0.037499778417675954,0.03749977841767596,0.07499955683535192,0.07499955683535192,0.03214255868539938,2.7031634922323512e-06,0.018917290091739744,0.07499955683535192,0.037499778417675954,0.07499955683535192,1000.0,0.0,-1000.0,0.1,0.0,-1000.0,1000.0,1.0,1000.0,0.07499955683535192,0.10180170577767154,1000.0,0.0,-1000.0,0.0,0.0,0.07499955683535192,0.07499955683535192,0.037499778417675954,0.07499955683535192
4.5,4.5,3.3439429487911455e-06,0.07182491368981946,0.0,0.0,0.0,0.0,0.0,0.0,0.0,0.09991873549946745,2.260850786112643,0.0,0.07182491368981947,0.07182491368981946,0.03591245684490972,0.03591245684490973,0.07182491368981946,0.07182491368981946,0.030023691650809026,2.401703825200331e-06,0.017948929437041843,0.07182491368981946,0.03591245684490972,0.07182491368981946,1000.0,0.0,-1000.0,0.1,0.0,-1000.0,1000.0,1.0,1000.0,0.07182491368981946,0.09991873549946745,1000.0,0.0,-1000.0,0.0,0.0,0.07182491368981947,0.07182491368981946,0.03591245684490972,0.07182491368981946
4.6000000000000005,4.6000000000000005,3.112198391598683e-06,0.0688592884983299,0.0,0.0,0.0,0.0,0.0,0.0,0.0,0.09813195205353266,2.2680332774816256,0.0,0.0688592884983299,0.0688592884983299,0.03442964424916494,0.03442964424916495,0.0688592884983299,0.0688592884983299,0.028080194194014533,2.142970975603085e-06,0.017052515576924075,0.0688592884983299,0.03442964424916494,0.0688592884983299,1000.0,0.0,-1000.0,0.1,0.0,-1000.0,1000.0,1.0,1000.0,0.0688592884983299,0.09813195205353266,1000.0,0.0,-1000.0,0.0,0.0,0.0688592884983299,0.0688592884983299,0.03442964424916494,0.0688592884983299
4.7,4.7,2.9051179944886395e-06,0.06608537292379604,0.0,0.0,0.0,0.0,0.0,0.0,0.0,0.09643422112688858,2.274919206331459,0.0,0.06608537292379603,0.06608537292379604,0.033042686461898015,0.033042686461898015,0.06608537292379603,0.06608537292379603,0.026295371094966963,1.919802288012394e-06,0.016221438986615298,0.06608537292379603,0.033042686461898015,0.06608537292379603,1000.0,0.0,-1000.0,0.1,0.0,-1000.0,1000.0,1.0,1000.0,0.06608537292379604,0.09643422112688858,1000.0,0.0,-1000.0,0.0,0.0,0.06608537292379603,0.06608537292379604,0.033042686461898015,0.06608537292379603
4.800000000000001,4.800000000000001,2.7193501066169223e-06,0.06348751005622355,0.0,0.0,0.0,0.0,0.0,0.0,0.0,0.0948190629176438,2.2815277436238395,0.0,0.06348751005622355,0.06348751005622355,0.03174375502811177,0.031743755028111775,0.06348751005622355,0.06348751005622355,0.024654262162002075,1.7264007255223742e-06,0.015449787408767011,0.06348751005622355,0.03174375502811177,0.06348751005622355,1000.0,0.0,-1000.0,0.1,0.0,-1000.0,1000.0,1.0,1000.0,0.06348751005622355,0.0948190629176438,1000.0,0.0,-1000.0,0.0,0.0,0.06348751005622355,0.06348751005622355,0.03174375502811177,0.06348751005622355
4.9,4.9,2.5520826451614522e-06,0.061051522529139236,0.0,0.0,0.0,0.0,0.0,0.0,0.0,0.09328058328449262,2.2878764946294616,0.0,0.06105152252913924,0.061051522529139236,0.030525761264569615,0.030525761264569618,0.061051522529139236,0.061051522529139236,0.023143453378105215,1.5580455484629507e-06,0.014732265225891853,0.061051522529139236,0.030525761264569615,0.061051522529139236,1000.0,0.0,-1000.0,0.1,0.0,-1000.0,1000.0,1.0,1000.0,0.061051522529139236,0.09328058328449262,1000.0,0.0,-1000.0,0.0,0.0,0.06105152252913924,0.061051522529139236,0.030525761264569615,0.061051522529139236
5.0,5.0,2.400945446274504e-06,0.05876455802619643,0.0,0.0,0.0,0.0,0.0,0.0,0.0,0.09181341248279162,2.2939816468823753,0.0,0.05876455802619643,0.05876455802619643,0.029382279013098207,0.02938227901309821,0.05876455802619642,0.05876455802619642,0.021750907903793054,1.410871105707736e-06,0.014064122356178184,0.05876455802619642,0.029382279013098207,0.05876455802619642,1000.0,0.0,-1000.0,0.1,0.0,-1000.0,1000.0,1.0,1000.0,0.05876455802619643,0.09181341248279162,1000.0,0.0,-1000.0,0.0,0.0,0.05876455802619643,0.05876455802619643,0.029382279013098207,0.05876455802619642
5.1000000000000005,5.1000000000000005,2.26393065702801e-06,0.05661495313580139,0.0,0.0,0.0,0.0,0.0,0.0,0.0,0.09041265126027889,2.299858102684996,0.0,0.056614953135801394,0.05661495313580139,0.028307476567900686,0.028307476567900693,0.05661495313580139,0.05661495313580139,0.020465816669431945,1.2816942638340801e-06,0.01344109222812978,0.05661495313580139,0.028307476567900686,0.05661495313580139,1000.0,0.0,-1000.0,0.1,0.0,-1000.0,1000.0,1.0,1000.0,0.05661495313580139,0.09041265126027889,1000.0,0.0,-1000.0,0.0,0.0,0.056614953135801394,0.05661495313580139,0.028307476567900686,0.05661495313580139
5.2,5.2,2.139329067708249e-06,0.05459211192915783,0.0,0.0,0.0,0.0,0.0,0.0,0.0,0.08907382308210832,2.3055195979985763,0.0,0.05459211192915783,0.05459211192915783,0.02729605596457891,0.027296055964578913,0.054592111929157826,0.054592111929157826,0.01927846542552847,1.1678799343813837e-06,0.012859337269402813,0.054592111929157826,0.02729605596457891,0.054592111929157826,1000.0,0.0,-1000.0,0.1,0.0,-1000.0,1000.0,1.0,1000.0,0.05459211192915783,0.08907382308210832,1000.0,0.0,-1000.0,0.0,0.0,0.05459211192915783,0.05459211192915783,0.02729605596457891,0.054592111929157826
5.300000000000001,5.300000000000001,2.025679212260984e-06,0.052686397506886716,0.0,0.0,0.0,0.0,0.0,0.0,0.0,0.08779283167591755,2.3109788091914925,0.0,0.05268639750688672,0.052686397506886716,0.026343198753443355,0.026343198753443358,0.052686397506886716,0.052686397506886716,0.018180116418874032,1.0672357832127872e-06,0.01231540093051847,0.052686397506886716,0.026343198753443355,0.052686397506886716,1000.0,0.0,-1000.0,0.1,0.0,-1000.0,1000.0,1.0,1000.0,0.052686397506886716,0.08779283167591755,1000.0,0.0,-1000.0,0.0,0.0,0.05268639750688672,0.052686397506886716,0.026343198753443355,0.052686397506886716
5.4,5.4,1.921726150732362e-06,0.05088903532566248,0.0,0.0,0.0,0.0,0.0,0.0,0.0,0.086565923320878,2.3162474489421805,0.0,0.05088903532566248,0.05088903532566248,0.025444517662831234,0.025444517662831238,0.050889035325662475,0.050889035325662475,0.017162903260579603,9.779291065893085e-07,0.011806165486872088,0.050889035325662475,0.025444517662831234,0.050889035325662475,1000.0,0.0,-1000.0,0.1,0.0,-1000.0,1000.0,1.0,1000.0,0.05088903532566248,0.086565923320878,1000.0,0.0,-1000.0,0.0,0.0,0.05088903532566248,0.05088903532566248,0.025444517662831234,0.050889035325662475
5.5,5.5,1.8263879152235982e-06,0.04919202698181639,0.0,0.0,0.0,0.0,0.0,0.0,0.0,0.08538965330955149,2.321336352474747,0.0,0.04919202698181639,0.04919202698181639,0.02459601349090819,0.024596013490908192,0.049192026981816385,0.049192026981816385,0.016219737525750524,8.984208274000068e-07,0.011328814889571265,0.049192026981816385,0.02459601349090819,0.049192026981816385,1000.0,0.0,-1000.0,0.1,0.0,-1000.0,1000.0,1.0,1000.0,0.04919202698181639,0.08538965330955149,1000.0,0.0,-1000.0,0.0,0.0,0.04919202698181639,0.04919202698181639,0.02459601349090819,0.049192026981816385
5.6000000000000005,5.6000000000000005,1.738728056008347e-06,0.04758807327683758,0.0,0.0,0.0,0.0,0.0,0.0,0.0,0.08426085608351698,2.3262555551729283,0.0,0.04758807327683759,0.04758807327683758,0.023794036638418788,0.02379403663841879,0.04758807327683758,0.04758807327683758,0.015344225775979912,8.274127949197816e-07,0.01088080202952603,0.04758807327683758,0.023794036638418788,0.04758807327683758,1000.0,0.0,-1000.0,0.1,0.0,-1000.0,1000.0,1.0,1000.0,0.04758807327683758,0.08426085608351698,1000.0,0.0,-1000.0,0.0,0.0,0.04758807327683759,0.04758807327683758,0.023794036638418788,0.04758807327683758
5.7,5.7,1.657933069715768e-06,0.04607050552211107,0.0,0.0,0.0,0.0,0.0,0.0,0.0,0.08317661860656661,2.3310143625006114,0.0,0.04607050552211106,0.04607050552211107,0.02303525276105553,0.02303525276105553,0.04607050552211106,0.04607050552211106,0.014530595834362876,7.638054830526165e-07,0.01045981986122049,0.04607050552211106,0.02303525276105553,0.04607050552211106,1000.0,0.0,-1000.0,0.1,0.0,-1000.0,1000.0,1.0,1000.0,0.04607050552211107,0.08317661860656661,1000.0,0.0,-1000.0,0.0,0.0,0.04607050552211106,0.04607050552211107,0.02303525276105553,0.04607050552211106
5.800000000000001,5.800000000000001,1.5832934514350552e-06,0.044633224175065725,0.0,0.0,0.0,0.0,0.0,0.0,0.0,0.08213425669937917,2.3356214130528223,0.0,0.04463322417506572,0.044633224175065725,0.02231661208753286,0.02231661208753286,0.04463322417506572,0.04463322417506572,0.013773631277488364,7.066637269676307e-07,0.010063775914946482,0.04463322417506572,0.02231661208753286,0.04463322417506572,1000.0,0.0,-1000.0,0.1,0.0,-1000.0,1000.0,1.0,1000.0,0.044633224175065725,0.08213425669937917,1000.0,0.0,-1000.0,0.0,0.0,0.04463322417506572,0.044633224175065725,0.02231661208753286,0.04463322417506572
5.9,5.9,1.5141888999208994e-06,0.04327064383476847,0.0,0.0,0.0,0.0,0.0,0.0,0.0,0.08113129356784826,2.3400847354703287,0.0,0.043270643834768474,0.04327064383476847,0.02163532191738423,0.021635321917384234,0.04327064383476847,0.04327064383476847,0.013068613134975041,6.551893650657319e-07,0.009690769713719844,0.04327064383476847,0.02163532191738423,0.04327064383476847,1000.0,0.0,-1000.0,0.1,0.0,-1000.0,1000.0,1.0,1000.0,0.04327064383476847,0.08113129356784826,1000.0,0.0,-1000.0,0.0,0.0,0.043270643834768474,0.04327064383476847,0.02163532191738423,0.04327064383476847
6.0,6.0,1.4500750850019986e-06,0.04197764425849333,0.0,0.0,0.0,0.0,0.0,0.0,0.0,0.0801654408904971,2.344411799853806,0.0,0.041977644258493325,0.04197764425849333,0.020988822129246663,0.020988822129246663,0.041977644258493325,0.041977644258493325,0.012411268173208931,6.086985340773981e-07,0.00933907286240282,0.041977644258493325,0.020988822129246663,0.041977644258493325,1000.0,0.0,-1000.0,0.1,0.0,-1000.0,1000.0,1.0,1000.0,0.04197764425849333,0.0801654408904971,1000.0,0.0,-1000.0,0.0,0.0,0.041977644258493325,0.04197764425849333,0.020988822129246663,0.041977644258493325
6.1000000000000005,6.1000000000000005,1.3904728130073965e-06,0.04074952637644222,0.0,0.0,0.0,0.0,0.0,0.0,0.0,0.07923458179053437,2.3486095642796547,0.0,0.04074952637644222,0.04074952637644222,0.020374763188221106,0.02037476318822111,0.04074952637644222,0.04074952637644222,0.011797722824751816,5.666032072301529e-07,0.009007111374224391,0.04074952637644222,0.020374763188221106,0.04074952637644222,1000.0,0.0,-1000.0,0.1,0.0,-1000.0,1000.0,1.0,1000.0,0.04074952637644222,0.07923458179053437,1000.0,0.0,-1000.0,0.0,0.0,0.04074952637644222,0.04074952637644222,0.020374763188221106,0.04074952637644222
6.2,6.2,1.3349589735023721e-06,0.03958197285574817,0.0,0.0,0.0,0.0,0.0,0.0,0.0,0.07833675553854767,2.352684516917299,0.0,0.039581972855748174,0.03958197285574817,0.01979098642787408,0.019790986427874083,0.03958197285574817,0.03958197285574817,0.01122446217873947,5.283960446566695e-07,0.008693449990077758,0.03958197285574817,0.01979098642787408,0.03958197285574817,1000.0,0.0,-1000.0,0.1,0.0,-1000.0,1000.0,1.0,1000.0,0.03958197285574817,0.07833675553854767,1000.0,0.0,-1000.0,0.0,0.0,0.039581972855748174,0.03958197285574817,0.01979098642787408,0.03958197285574817
6.300000000000001,6.300000000000001,1.2831589055009801e-06,0.03847101272113088,0.0,0.0,0.0,0.0,0.0,0.0,0.0,0.07747014380700003,2.356642714202875,0.0,0.03847101272113089,0.03847101272113088,0.019235506360565438,0.01923550636056544,0.03847101272113088,0.03847101272113088,0.010688293460885198,4.936378916090388e-07,0.008396778252312942,0.03847101272113088,0.019235506360565438,0.03847101272113088,1000.0,0.0,-1000.0,0.1,0.0,-1000.0,1000.0,1.0,1000.0,0.03847101272113088,0.07747014380700003,1000.0,0.0,-1000.0,0.0,0.0,0.03847101272113089,0.03847101272113088,0.019235506360565438,0.03847101272113088
6.4,6.4,1.234739937063265e-06,0.03741298958625517,0.0,0.0,0.0,0.0,0.0,0.0,0.0,0.07663305830305835,2.3604898154749887,0.0,0.03741298958625518,0.03741298958625517,0.01870649479312758,0.018706494793127585,0.03741298958625517,0.03741298958625517,0.010186313491874184,4.619474202215273e-07,0.008115898121788803,0.03741298958625517,0.01870649479312758,0.03741298958625517,1000.0,0.0,-1000.0,0.1,0.0,-1000.0,1000.0,1.0,1000.0,0.03741298958625517,0.07663305830305835,1000.0,0.0,-1000.0,0.0,0.0,0.03741298958625518,0.03741298958625517,0.01870649479312758,0.03741298958625517
6.5,6.5,1.1894058986775207e-06,0.036404533100939745,0.0,0.0,0.0,0.0,0.0,0.0,0.0,0.07582392962715352,2.3642311144336143,0.0,0.036404533100939745,0.036404533100939745,0.01820226655046987,0.018202266550469873,0.036404533100939745,0.036404533100939745,0.009715879671804595,4.3299251405008493e-07,0.007849712953772877,0.036404533100939745,0.01820226655046987,0.036404533100939745,1000.0,0.0,-1000.0,0.1,0.0,-1000.0,1000.0,1.0,1000.0,0.036404533100939745,0.07582392962715352,1000.0,0.0,-1000.0,0.0,0.0,0.036404533100939745,0.036404533100939745,0.01820226655046987,0.036404533100939745
6.6000000000000005,6.6000000000000005,1.1468924478531708e-06,0.035442533264510384,0.0,0.0,0.0,0.0,0.0,0.0,0.0,0.07504129722289263,2.3678715677437085,0.0,0.035442533264510384,0.035442533264510384,0.01772126663225519,0.017721266632255192,0.035442533264510384,0.035442533264510384,0.00927458409060248,4.064830754148237e-07,0.00759721767157511,0.035442533264510384,0.01772126663225519,0.035442533264510384,1000.0,0.0,-1000.0,0.1,0.0,-1000.0,1000.0,1.0,1000.0,0.035442533264510384,0.07504129722289263,1000.0,0.0,-1000.0,0.0,0.0,0.035442533264510384,0.035442533264510384,0.01772126663225519,0.035442533264510384
6.7,6.7,1.1069630719707884e-06,0.034524117295498896,0.0,0.0,0.0,0.0,0.0,0.0,0.0,0.07428380029986786,2.3714158210701606,0.0,0.034524117295498896,0.034524117295498896,0.017262058647749445,0.017262058647749448,0.034524117295498896,0.034524117295498896,0.008860230410694149,3.8216499895964037e-07,0.007357489997049364,0.034524117295498896,0.017262058647749445,0.034524117295498896,1000.0,0.0,-1000.0,0.1,0.0,-1000.0,1000.0,1.0,1000.0,0.034524117295498896,0.07428380029986786,1000.0,0.0,-1000.0,0.0,0.0,0.034524117295498896,0.034524117295498896,0.017262058647749445,0.034524117295498896
6.800000000000001,6.800000000000001,1.0694056602310529e-06,0.03364662878311214,0.0,0.0,0.0,0.0,0.0,0.0,0.0,0.07355016962482384,2.374868232799711,0.0,0.03364662878311214,0.03364662878311214,0.016823314391556068,0.01682331439155607,0.03364662878311214,0.03364662878311214,0.008470813209256231,3.5981510480043473e-07,0.007129682614690472,0.03364662878311214,0.016823314391556068,0.03364662878311214,1000.0,0.0,-1000.0,0.1,0.0,-1000.0,1000.0,1.0,1000.0,0.03364662878311214,0.07355016962482384,1000.0,0.0,-1000.0,0.0,0.0,0.03364662878311214,0.03364662878311214,0.016823314391556068,0.03364662878311214
6.9,6.9,1.0340295547430842e-06,0.03280760887701887,0.0,0.0,0.0,0.0,0.0,0.0,0.0,0.07283922008883095,2.3782328956780234,0.0,0.032807608877018876,0.03280760887701887,0.01640380443850943,0.016403804438509435,0.03280760887701887,0.03280760887701887,0.008104499503670365,3.392368641834546e-07,0.006913016161358751,0.03280760887701887,0.01640380443850943,0.03280760887701887,1000.0,0.0,-1000.0,0.1,0.0,-1000.0,1000.0,1.0,1000.0,0.03280760887701887,0.07283922008883095,1000.0,0.0,-1000.0,0.0,0.0,0.032807608877018876,0.03280760887701887,0.01640380443850943,0.03280760887701887
7.0,7.0,1.0006630063427503e-06,0.03200477929947951,0.0,0.0,0.0,0.0,0.0,0.0,0.0,0.07214984396878338,2.3815136565657244,0.0,0.03200477929947951,0.03200477929947951,0.01600238964973975,0.016002389649739754,0.03200477929947951,0.03200477929947951,0.0077596122158921765,3.202567820203908e-07,0.006706772946978446,0.03200477929947951,0.01600238964973975,0.03200477929947951,1000.0,0.0,-1000.0,0.1,0.0,-1000.0,1000.0,1.0,1000.0,0.03200477929947951,0.07214984396878338,1000.0,0.0,-1000.0,0.0,0.0,0.03200477929947951,0.03200477929947951,0.01600238964973975,0.03200477929947951
7.1000000000000005,7.1000000000000005,9.691487982027422e-07,0.03123599906903105,0.0,0.0,0.0,0.0,0.0,0.0,0.0,0.07148099789689634,2.3847141344956735,0.0,0.031235999069031045,0.03123599906903105,0.01561799953451552,0.015617999534515523,0.031235999069031045,0.031235999069031045,0.007434603651146741,3.027203757732504e-07,0.00651028513696699,0.031235999069031045,0.01561799953451552,0.031235999069031045,1000.0,0.0,-1000.0,0.1,0.0,-1000.0,1000.0,1.0,1000.0,0.03123599906903105,0.07148099789689634,1000.0,0.0,-1000.0,0.0,0.0,0.031235999069031045,0.03123599906903105,0.01561799953451552,0.031235999069031045
7.2,7.2,9.39349009620807e-07,0.030499335510620215,0.0,0.0,0.0,0.0,0.0,0.0,0.0,0.07083171860510552,2.3878377344025767,0.0,0.030499335510620215,0.030499335510620215,0.015249667755310104,0.015249667755310106,0.03049933551062021,0.03049933551062021,0.007128078184840088,2.864925148953368e-07,0.0063229485957603335,0.03049933551062021,0.015249667755310104,0.03049933551062021,1000.0,0.0,-1000.0,0.1,0.0,-1000.0,1000.0,1.0,1000.0,0.030499335510620215,0.07083171860510552,1000.0,0.0,-1000.0,0.0,0.0,0.030499335510620215,0.030499335510620215,0.015249667755310104,0.03049933551062021
7.300000000000001,7.300000000000001,9.111365222584906e-07,0.029792965546992255,0.0,0.0,0.0,0.0,0.0,0.0,0.0,0.0702010959715638,2.390887667953639,0.0,0.02979296554699225,0.029792965546992255,0.014896482773496126,0.014896482773496126,0.02979296554699225,0.02979296554699225,0.00683874347383564,2.714521168631583e-07,0.006144199077282477,0.02979296554699225,0.014896482773496126,0.02979296554699225,1000.0,0.0,-1000.0,0.1,0.0,-1000.0,1000.0,1.0,1000.0,0.029792965546992255,0.0702010959715638,1000.0,0.0,-1000.0,0.0,0.0,0.02979296554699225,0.029792965546992255,0.014896482773496126,0.02979296554699225
7.4,7.4,8.843959067577167e-07,0.02911519342384282,0.0,0.0,0.0,0.0,0.0,0.0,0.0,0.06958827592263227,2.3938669645083386,0.0,0.02911519342384282,0.02911519342384282,0.014557596711921408,0.01455759671192141,0.02911519342384282,0.02911519342384282,0.006565412370371296,2.574913016425258e-07,0.0059735146857778565,0.02911519342384282,0.014557596711921408,0.02911519342384282,1000.0,0.0,-1000.0,0.1,0.0,-1000.0,1000.0,1.0,1000.0,0.02911519342384282,0.06958827592263227,1000.0,0.0,-1000.0,0.0,0.0,0.02911519342384282,0.02911519342384282,0.014557596711921408,0.02911519342384282
7.5,7.5,8.590221561433043e-07,0.0284644403503757,0.0,0.0,0.0,0.0,0.0,0.0,0.0,0.06899245623090407,2.396778483850723,0.0,0.028464440350375698,0.0284644403503757,0.014232220175187849,0.014232220175187849,0.028464440350375698,0.028464440350375698,0.006306993299081669,2.44513748804645e-07,0.00581041218883516,0.028464440350375698,0.014232220175187849,0.028464440350375698,1000.0,0.0,-1000.0,0.1,0.0,-1000.0,1000.0,1.0,1000.0,0.0284644403503757,0.06899245623090407,1000.0,0.0,-1000.0,0.0,0.0,0.028464440350375698,0.0284644403503757,0.014232220175187849,0.028464440350375698
7.6000000000000005,7.6000000000000005,8.349195758572557e-07,0.027839235087852972,0.0,0.0,0.0,0.0,0.0,0.0,0.0,0.06841288267865266,2.39962492788576,0.0,0.02783923508785297,0.027839235087852972,0.013919617543926484,0.013919617543926484,0.02783923508785297,0.02783923508785297,0.0060624815984242795,2.324332828864267e-07,0.005654443691112384,0.02783923508785297,0.013919617543926484,0.02783923508785297,1000.0,0.0,-1000.0,0.1,0.0,-1000.0,1000.0,1.0,1000.0,0.027839235087852972,0.06841288267865266,1000.0,0.0,-1000.0,0.0,0.0,0.02783923508785297,0.027839235087852972,0.013919617543926484,0.02783923508785297
7.7,7.7,8.120008087994642e-07,0.02723820539100865,0.0,0.0,0.0,0.0,0.0,0.0,0.0,0.0678488455509899,2.4024088513945445,0.0,0.027238205391008647,0.02723820539100865,0.013619102695504324,0.013619102695504324,0.027238205391008647,0.027238205391008647,0.005830951722737837,2.2117265215372512e-07,0.00550519363000107,0.027238205391008647,0.013619102695504324,0.027238205391008647,1000.0,0.0,-1000.0,0.1,0.0,-1000.0,1000.0,1.0,1000.0,0.02723820539100865,0.0678488455509899,1000.0,0.0,-1000.0,0.0,0.0,0.027238205391008647,0.02723820539100865,0.013619102695504324,0.027238205391008647
7.800000000000001,7.800000000000001,7.9018597703007e-07,0.026660070217457827,0.0,0.0,0.0,0.0,0.0,0.0,0.0,0.0672996764268557,2.405132671933645,0.0,0.02666007021745783,0.026660070217457827,0.013330035108728912,0.013330035108728914,0.026660070217457827,0.026660070217457827,0.0056115502129400864,2.1066247169941162e-07,0.005362276058963581,0.026660070217457827,0.013330035108728912,0.026660070217457827,1000.0,0.0,-1000.0,0.1,0.0,-1000.0,1000.0,1.0,1000.0,0.026660070217457827,0.0672996764268557,1000.0,0.0,-1000.0,0.0,0.0,0.02666007021745783,0.026660070217457827,0.013330035108728912,0.026660070217457827
7.9,7.9,7.694019172720368e-07,0.026103632621226988,0.0,0.0,0.0,0.0,0.0,0.0,0.0,0.06676474525353968,2.407798678955392,0.0,0.026103632621226988,0.026103632621226988,0.013051816310613492,0.013051816310613494,0.026103632621226988,0.026103632621226988,0.0054034893512598615,2.0084030459621504e-07,0.00522533218726341,0.026103632621226988,0.013051816310613492,0.026103632621226988,1000.0,0.0,-1000.0,0.1,0.0,-1000.0,1000.0,1.0,1000.0,0.026103632621226988,0.06676474525353968,1000.0,0.0,-1000.0,0.0,0.0,0.026103632621226988,0.026103632621226988,0.013051816310613492,0.026103632621226988
8.0,8.0,7.495815044973855e-07,0.025567773262710612,0.0,0.0,0.0,0.0,0.0,0.0,0.0,0.06624345766661958,2.4104090422175144,0.0,0.02556777326271061,0.025567773262710612,0.012783886631355304,0.012783886631355304,0.02556777326271061,0.02556777326271061,0.005206041427888486,1.9164986291718062e-07,0.005094028148628251,0.02556777326271061,0.012783886631355304,0.02556777326271061,1000.0,0.0,-1000.0,0.1,0.0,-1000.0,1000.0,1.0,1000.0,0.025567773262710612,0.06624345766661958,1000.0,0.0,-1000.0,0.0,0.0,0.02556777326271061,0.025567773262710612,0.012783886631355304,0.02556777326271061
8.1,8.1,7.306630996347255e-07,0.025051444550143683,0.0,0.0,0.0,0.0,0.0,0.0,0.0,0.06573525243524186,2.4129658195437855,0.0,0.025051444550143687,0.025051444550143683,0.012525722275071838,0.012525722275071842,0.025051444550143683,0.025051444550143683,0.005018533582771016,1.830403238452506e-07,0.004968052985633223,0.025051444550143683,0.012525722275071838,0.025051444550143683,1000.0,0.0,-1000.0,0.1,0.0,-1000.0,1000.0,1.0,1000.0,0.025051444550143683,0.06573525243524186,1000.0,0.0,-1000.0,0.0,0.0,0.025051444550143687,0.025051444550143683,0.012525722275071838,0.025051444550143683
8.200000000000001,8.200000000000001,7.125899956335597e-07,0.024553665214323235,0.0,0.0,0.0,0.0,0.0,0.0,0.0,0.06523959923861274,2.4154709639988003,0.0,0.02455366521432323,0.024553665214323235,0.012276832607161616,0.012276832607161616,0.02455366521432323,0.02455366521432323,0.004840343111699434,1.7496571509044324e-07,0.004847116810384979,0.02455366521432323,0.012276832607161616,0.02455366521432323,1000.0,0.0,-1000.0,0.1,0.0,-1000.0,1000.0,1.0,1000.0,0.024553665214323235,0.06523959923861274,1000.0,0.0,-1000.0,0.0,0.0,0.02455366521432323,0.024553665214323235,0.012276832607161616,0.02455366521432323
8.3,8.3,6.953099492995737e-07,0.024073515369145714,0.0,0.0,0.0,0.0,0.0,0.0,0.0,0.06475599657381714,2.4179263305202325,0.0,0.024073515369145718,0.024073515369145714,0.012036757684572855,0.012036757684572857,0.024073515369145714,0.024073515369145714,0.004670893224103908,1.6738438366755895e-07,0.00473094913442402,0.024073515369145714,0.012036757684572855,0.024073515369145714,1000.0,0.0,-1000.0,0.1,0.0,-1000.0,1000.0,1.0,1000.0,0.024073515369145714,0.06475599657381714,1000.0,0.0,-1000.0,0.0,0.0,0.024073515369145718,0.024073515369145714,0.012036757684572855,0.024073515369145714
8.4,8.4,6.78774764124783e-07,0.023610131989808474,0.0,0.0,0.0,0.0,0.0,0.0,0.0,0.0642839698293089,2.4203336820571466,0.0,0.023610131989808478,0.023610131989808474,0.011805065994904235,0.011805065994904237,0.023610131989808474,0.023610131989808474,0.0045096491978678386,1.6025852992891392e-07,0.00461929734859644,0.023610131989808474,0.011805065994904235,0.023610131989808474,1000.0,0.0,-1000.0,0.1,0.0,-1000.0,1000.0,1.0,1000.0,0.023610131989808474,0.0642839698293089,1000.0,0.0,-1000.0,0.0,0.0,0.023610131989808478,0.023610131989808474,0.011805065994904235,0.023610131989808474
8.5,8.5,6.629399178823909e-07,0.023162704769572055,0.0,0.0,0.0,0.0,0.0,0.0,0.0,0.0638230695092103,2.4226946952561286,0.0,0.02316270476957205,0.023162704769572055,0.011581352384786026,0.011581352384786026,0.02316270476957205,0.02316270476957205,0.004356114890835879,1.5355379800931914e-07,0.004511925337983615,0.02316270476957205,0.011581352384786026,0.02316270476957205,1000.0,0.0,-1000.0,0.1,0.0,-1000.0,1000.0,1.0,1000.0,0.023162704769572055,0.0638230695092103,1000.0,0.0,-1000.0,0.0,0.0,0.02316270476957205,0.023162704769572055,0.011581352384786026,0.02316270476957205
8.6,8.6,6.477642295958747e-07,0.02273047231995701,0.0,0.0,0.0,0.0,0.0,0.0,0.0,0.06337286959503524,2.4250109657330854,0.0,0.022730472319957007,0.02273047231995701,0.011365236159978503,0.011365236159978503,0.022730472319957007,0.022730472319957007,0.004209829573061263,1.4723891514584867e-07,0.00440861221859192,0.022730472319957007,0.011365236159978503,0.022730472319957007,1000.0,0.0,-1000.0,0.1,0.0,-1000.0,1000.0,1.0,1000.0,0.02273047231995701,0.06337286959503524,1000.0,0.0,-1000.0,0.0,0.0,0.022730472319957007,0.02273047231995701,0.011365236159978503,0.022730472319957007
8.700000000000001,8.700000000000001,6.332095612081918e-07,0.022312718682792554,0.0,0.0,0.0,0.0,0.0,0.0,0.0,0.06293296603276635,2.427284012965082,0.0,0.022312718682792554,0.022312718682792554,0.011156359341396275,0.011156359341396277,0.022312718682792554,0.022312718682792554,0.004070365047715029,1.412853734324358e-07,0.004309151183930649,0.022312718682792554,0.011156359341396275,0.022312718682792554,1000.0,0.0,-1000.0,0.1,0.0,-1000.0,1000.0,1.0,1000.0,0.022312718682792554,0.06293296603276635,1000.0,0.0,-1000.0,0.0,0.0,0.022312718682792554,0.022312718682792554,0.011156359341396275,0.022312718682792554
8.8,8.8,6.192405498896359e-07,0.021908770125696277,0.0,0.0,0.0,0.0,0.0,0.0,0.0,0.06250297533439267,2.429515284833362,0.0,0.02190877012569628,0.021908770125696277,0.010954385062848137,0.010954385062848139,0.021908770125696277,0.021908770125696277,0.00393732303201562,1.3566714849442155e-07,0.004213348450868199,0.021908770125696277,0.010954385062848137,0.021908770125696277,1000.0,0.0,-1000.0,0.1,0.0,-1000.0,1000.0,1.0,1000.0,0.021908770125696277,0.06250297533439267,1000.0,0.0,-1000.0,0.0,0.0,0.02190877012569628,0.021908770125696277,0.010954385062848137,0.021908770125696277
8.9,8.9,6.058243674479854e-07,0.0215179921953865,0.0,0.0,0.0,0.0,0.0,0.0,0.0,0.06208253328406611,2.4317061618459324,0.0,0.0215179921953865,0.0215179921953865,0.010758996097693247,0.01075899609769325,0.0215179921953865,0.0215179921953865,0.0038103327725842163,1.303604503498334e-07,0.004121022295274319,0.0215179921953865,0.010758996097693247,0.0215179921953865,1000.0,0.0,-1000.0,0.1,0.0,-1000.0,1000.0,1.0,1000.0,0.0215179921953865,0.06208253328406611,1000.0,0.0,-1000.0,0.0,0.0,0.0215179921953865,0.0215179921953865,0.010758996097693247,0.0215179921953865
9.0,9.0,5.929305037556235e-07,0.02113978700574971,0.0,0.0,0.0,0.0,0.0,0.0,0.0,0.06167129373997293,2.433857961065472,0.0,0.021139787005749713,0.02113978700574971,0.010569893502874853,0.010569893502874855,0.02113978700574971,0.02113978700574971,0.0036890488723350097,1.2534350238619748e-07,0.004032002168946927,0.02113978700574971,0.010569893502874853,0.02113978700574971,1000.0,0.0,-1000.0,0.1,0.0,-1000.0,1000.0,1.0,1000.0,0.02113978700574971,0.06167129373997293,1000.0,0.0,-1000.0,0.0,0.0,0.021139787005749713,0.02113978700574971,0.010569893502874853,0.02113978700574971
9.1,9.1,5.805305714966186e-07,0.020773590739840725,0.0,0.0,0.0,0.0,0.0,0.0,0.0,0.06126892752386096,2.4359719397660466,0.0,0.020773590739840725,0.020773590739840725,0.01038679536992036,0.010386795369920362,0.020773590739840725,0.020773590739840725,0.0035731493084111762,1.205963449437155e-07,0.0039461278902017055,0.020773590739840725,0.01038679536992036,0.020773590739840725,1000.0,0.0,-1000.0,0.1,0.0,-1000.0,1000.0,1.0,1000.0,0.020773590739840725,0.06126892752386096,1000.0,0.0,-1000.0,0.0,0.0,0.020773590739840725,0.020773590739840725,0.01038679536992036,0.020773590739840725
9.200000000000001,9.200000000000001,5.685981298717011e-07,0.020418871347010963,0.0,0.0,0.0,0.0,0.0,0.0,0.0,0.06087512139091693,2.4380492988400304,0.0,0.020418871347010967,0.020418871347010963,0.01020943567350548,0.010209435673505482,0.020418871347010963,0.020418871347010963,0.0034623336228116405,1.1610066047382875e-07,0.003863248901284086,0.020418871347010963,0.01020943567350548,0.020418871347010963,1000.0,0.0,-1000.0,0.1,0.0,-1000.0,1000.0,1.0,1000.0,0.020418871347010963,0.06087512139091693,1000.0,0.0,-1000.0,0.0,0.0,0.020418871347010967,0.020418871347010963,0.01020943567350548,0.020418871347010963
9.3,9.3,5.571085251886288e-07,0.020075126418167763,0.0,0.0,0.0,0.0,0.0,0.0,0.0,0.06048957707336672,2.440091185974731,0.0,0.020075126418167763,0.020075126418167763,0.01003756320908388,0.010037563209083881,0.020075126418167763,0.020075126418167763,0.0033563212692519833,1.1183961764996275e-07,0.0037832235864582457,0.020075126418167763,0.01003756320908388,0.020075126418167763,1000.0,0.0,-1000.0,0.1,0.0,-1000.0,1000.0,1.0,1000.0,0.020075126418167763,0.06048957707336672,1000.0,0.0,-1000.0,0.0,0.0,0.020075126418167763,0.020075126418167763,0.01003756320908388,0.020075126418167763
9.4,9.4,5.460387465161894e-07,0.019741881223787477,0.0,0.0,0.0,0.0,0.0,0.0,0.0,0.06011201039177997,2.442098698616548,0.0,0.019741881223787477,0.019741881223787477,0.009870940611893737,0.009870940611893739,0.019741881223787477,0.019741881223787477,0.0032548501014923745,1.0779773215569866e-07,0.0037059186452465032,0.019741881223787477,0.009870940611893737,0.019741881223787477,1000.0,0.0,-1000.0,0.1,0.0,-1000.0,1000.0,1.0,1000.0,0.019741881223787477,0.06011201039177997,1000.0,0.0,-1000.0,0.0,0.0,0.019741881223787477,0.019741881223787477,0.009870940611893737,0.019741881223787477
9.5,9.5,5.353672947977358e-07,0.01941868690075968,0.0,0.0,0.0,0.0,0.0,0.0,0.0,0.059742150428608184,2.444072886738927,0.0,0.01941868690075968,0.01941868690075968,0.009709343450379838,0.00970934345037984,0.01941868690075968,0.01941868690075968,0.0031576749898707583,1.0396074217402632e-07,0.003631208515844117,0.01941868690075968,0.009709343450379838,0.01941868690075968,1000.0,0.0,-1000.0,0.1,0.0,-1000.0,1000.0,1.0,1000.0,0.01941868690075968,0.059742150428608184,1000.0,0.0,-1000.0,0.0,0.0,0.01941868690075968,0.01941868690075968,0.009709343450379838,0.01941868690075968
9.600000000000001,9.600000000000001,5.250740640093545e-07,0.019105118775444498,0.0,0.0,0.0,0.0,0.0,0.0,0.0,0.059379738758979096,2.446014755429003,0.0,0.019105118775444494,0.019105118775444498,0.009552559387722247,0.009552559387722247,0.019105118775444494,0.019105118775444494,0.0030645665541210463,1.0031549685738445e-07,0.0035589748442263897,0.019105118775444494,0.009552559387722247,0.019105118775444494,1000.0,0.0,-1000.0,0.1,0.0,-1000.0,1000.0,1.0,1000.0,0.019105118775444498,0.059379738758979096,1000.0,0.0,-1000.0,0.0,0.0,0.019105118775444494,0.019105118775444498,0.009552559387722247,0.019105118775444494
9.700000000000001,9.700000000000001,5.151402331125658e-07,0.018800774811498673,0.0,0.0,0.0,0.0,0.0,0.0,0.0,0.059024528734213134,2.447925267306547,0.0,0.01880077481149867,0.018800774811498673,0.009400387405749335,0.009400387405749335,0.01880077481149867,0.01880077481149867,0.0029753100017532114,9.684985627834739e-08,0.00348910599490438,0.01880077481149867,0.009400387405749335,0.01880077481149867,1000.0,0.0,-1000.0,0.1,0.0,-1000.0,1000.0,1.0,1000.0,0.018800774811498673,0.059024528734213134,1000.0,0.0,-1000.0,0.0,0.0,0.01880077481149867,0.018800774811498673,0.009400387405749335,0.01880077481149867
9.8,9.8,5.055481676953028e-07,0.01850527417208166,0.0,0.0,0.0,0.0,0.0,0.0,0.0,0.05867628481393039,2.4498053447876966,0.0,0.018505274172081664,0.01850527417208166,0.009252637086040828,0.00925263708604083,0.01850527417208166,0.01850527417208166,0.00288970406234112,9.355260155048798e-08,0.003421496599678415,0.01850527417208166,0.009252637086040828,0.01850527417208166,1000.0,0.0,-1000.0,0.1,0.0,-1000.0,1000.0,1.0,1000.0,0.01850527417208166,0.05867628481393039,1000.0,0.0,-1000.0,0.0,0.0,0.018505274172081664,0.01850527417208166,0.009252637086040828,0.01850527417208166
9.9,9.9,4.962813303206023e-07,0.018218255887002523,0.0,0.0,0.0,0.0,0.0,0.0,0.0,0.05833478194297701,2.451655872204906,0.0,0.01821825588700252,0.018218255887002523,0.00910912794350126,0.00910912794350126,0.01821825588700252,0.01821825588700252,0.0028075600090188206,9.041335397263167e-08,0.0033560471410899245,0.01821825588700252,0.00910912794350126,0.01821825588700252,1000.0,0.0,-1000.0,0.1,0.0,-1000.0,1000.0,1.0,1000.0,0.018218255887002523,0.05833478194297701,1000.0,0.0,-1000.0,0.0,0.0,0.01821825588700252,0.018218255887002523,0.00910912794350126,0.01821825588700252
10.0,10.0,4.87324198712544e-07,0.017939377616225046,0.0,0.0,0.0,0.0,0.0,0.0,0.0,0.057999804969727606,2.4534776977936072,0.0,0.01793937761622505,0.017939377616225046,0.008969688808112521,0.008969688808112523,0.017939377616225046,0.017939377616225046,0.0027287007593403043,8.742250219127789e-08,0.0032926635675870073,0.017939377616225046,0.008969688808112521,0.017939377616225046,1000.0,0.0,-1000.0,0.1,0.0,-1000.0,1000.0,1.0,1000.0,0.017939377616225046,0.057999804969727606,1000.0,0.0,-1000.0,0.0,0.0,0.01793937761622505,0.017939377616225046,0.008969688808112521,0.017939377616225046
