	time	[adp]	[atp]	[dummy_S]	[fba__adp]	[fba__atp]	[fba__fru16bp]	[fba__glc]	[fba__pg2]	[fba__pyr]	[glc]	[pyr]	EX_adp	EX_atp	EX_glc	EX_pyr	fba__R1	fba__R2	fba__R3	update__update_adp	update__update_atp	update__update_glc	update__update_pyr	bounds__fbalb_EX_adp	bounds__fbalb_EX_atp	bounds__fbalb_EX_glc	bounds__fbalb_EX_pyr	dt	fba__ub_R3	fba__ub_default	fba__zero	lb_EX_adp	lb_EX_atp	lb_EX_glc	lb_EX_pyr	pEX_adp	pEX_atp	pEX_glc	pEX_pyr	ub_EX_adp	ub_EX_atp	ub_EX_glc	ub_EX_pyr
0.0	0.0	1.0	2.0	0.0	0.0	0.0	0.0	0.0	0.0	0.0	5.0	0.0	0.0	0.0	-0.0005	0.001	0.0005	0.0005	0.001	0.0	0.0	0.0005	-0.001	-1000.0	-1000.0	-1000.0	-1000.0	0.1	0.001	1000.0	0.0	-10.0	-20.0	-50.0	0.0	0.0	0.0	-0.0005	0.001	1000.0	1000.0	1000.0	1000.0
100.0	100.0	1.0	2.0	0.0	0.0	0.0	0.0	0.0	0.0	0.0	4.95	0.1	0.0	0.0	-0.0005	0.001	0.0005	0.0005	0.001	0.0	0.0	0.0005	-0.001	-1000.0	-1000.0	-1000.0	-1000.0	0.1	0.001	1000.0	0.0	-10.0	-20.0	-49.5	-1.0	0.0	0.0	-0.0005	0.001	1000.0	1000.0	1000.0	1000.0
200.0	200.0	1.0	2.0	0.0	0.0	0.0	0.0	0.0	0.0	0.0	4.9	0.19999999999999996	0.0	0.0	-0.0005	0.001	0.0005	0.0005	0.001	0.0	0.0	0.0005	-0.001	-1000.0	-1000.0	-1000.0	-1000.0	0.1	0.001	1000.0	0.0	-10.0	-20.0	-49.0	-1.9999999999999996	0.0	0.0	-0.0005	0.001	1000.0	1000.0	1000.0	1000.0
300.0	300.0	1.0	2.0	0.0	0.0	0.0	0.0	0.0	0.0	0.0	4.8500000000000005	0.3	0.0	0.0	-0.0005	0.001	0.0005	0.0005	0.001	0.0	0.0	0.0005	-0.001	-1000.0	-1000.0	-1000.0	-1000.0	0.1	0.001	1000.0	0.0	-10.0	-20.0	-48.5	-2.9999999999999996	0.0	0.0	-0.0005	0.001	1000.0	1000.0	1000.0	1000.0
400.0	400.0	1.0	2.0	0.0	0.0	0.0	0.0	0.0	0.0	0.0	4.800000000000001	0.4	0.0	0.0	-0.0005	0.001	0.0005	0.0005	0.001	0.0	0.0	0.0005	-0.001	-1000.0	-1000.0	-1000.0	-1000.0	0.1	0.001	1000.0	0.0	-10.0	-20.0	-48.00000000000001	-4.0	0.0	0.0	-0.0005	0.001	1000.0	1000.0	1000.0	1000.0
500.0	500.0	1.0	2.0	0.0	0.0	0.0	0.0	0.0	0.0	0.0	4.750000000000001	0.5	0.0	0.0	-0.0005	0.001	0.0005	0.0005	0.001	0.0	0.0	0.0005	-0.001	-1000.0	-1000.0	-1000.0	-1000.0	0.1	0.001	1000.0	0.0	-10.0	-20.0	-47.50000000000001	-5.0	0.0	0.0	-0.0005	0.001	1000.0	1000.0	1000.0	1000.0
600.0	600.0	1.0	2.0	0.0	0.0	0.0	0.0	0.0	0.0	0.0	4.700000000000001	0.6000000000000001	0.0	0.0	-0.0005	0.001	0.0005	0.0005	0.001	0.0	0.0	0.0005	-0.001	-1000.0	-1000.0	-1000.0	-1000.0	0.1	0.001	1000.0	0.0	-10.0	-20.0	-47.00000000000001	-6.000000000000001	0.0	0.0	-0.0005	0.001	1000.0	1000.0	1000.0	1000.0
700.0	700.0	1.0	2.0	0.0	0.0	0.0	0.0	0.0	0.0	0.0	4.65	0.6999999999999997	0.0	0.0	-0.0005	0.001	0.0005	0.0005	0.001	0.0	0.0	0.0005	-0.001	-1000.0	-1000.0	-1000.0	-1000.0	0.1	0.001	1000.0	0.0	-10.0	-20.0	-46.5	-6.999999999999997	0.0	0.0	-0.0005	0.001	1000.0	1000.0	1000.0	1000.0
800.0	800.0	1.0	2.0	0.0	0.0	0.0	0.0	0.0	0.0	0.0	4.6000000000000005	0.8	0.0	0.0	-0.0005	0.001	0.0005	0.0005	0.001	0.0	0.0	0.0005	-0.001	-1000.0	-1000.0	-1000.0	-1000.0	0.1	0.001	1000.0	0.0	-10.0	-20.0	-46.0	-8.0	0.0	0.0	-0.0005	0.001	1000.0	1000.0	1000.0	1000.0
900.0	900.0	1.0	2.0	0.0	0.0	0.0	0.0	0.0	0.0	0.0	4.550000000000001	0.9000000000000001	0.0	0.0	-0.0005	0.001	0.0005	0.0005	0.001	0.0	0.0	0.0005	-0.001	-1000.0	-1000.0	-1000.0	-1000.0	0.1	0.001	1000.0	0.0	-10.0	-20.0	-45.50000000000001	-9.0	0.0	0.0	-0.0005	0.001	1000.0	1000.0	1000.0	1000.0
1000.0	1000.0	1.0	2.0	0.0	0.0	0.0	0.0	0.0	0.0	0.0	4.500000000000001	1.0000000000000004	0.0	0.0	-0.0005	0.001	0.0005	0.0005	0.001	0.0	0.0	0.0005	-0.001	-1000.0	-1000.0	-1000.0	-1000.0	0.1	0.001	1000.0	0.0	-10.0	-20.0	-45.00000000000001	-10.000000000000004	0.0	0.0	-0.0005	0.001	1000.0	1000.0	1000.0	1000.0
1100.0	1100.0	1.0	2.0	0.0	0.0	0.0	0.0	0.0	0.0	0.0	4.450000000000001	1.1000000000000005	0.0	0.0	-0.0005	0.001	0.0005	0.0005	0.001	0.0	0.0	0.0005	-0.001	-1000.0	-1000.0	-1000.0	-1000.0	0.1	0.001	1000.0	0.0	-10.0	-20.0	-44.50000000000001	-11.000000000000005	0.0	0.0	-0.0005	0.001	1000.0	1000.0	1000.0	1000.0
1200.0	1200.0	1.0	2.0	0.0	0.0	0.0	0.0	0.0	0.0	0.0	4.4	1.2000000000000008	0.0	0.0	-0.0005	0.001	0.0005	0.0005	0.001	0.0	0.0	0.0005	-0.001	-1000.0	-1000.0	-1000.0	-1000.0	0.1	0.001	1000.0	0.0	-10.0	-20.0	-44.0	-12.000000000000007	0.0	0.0	-0.0005	0.001	1000.0	1000.0	1000.0	1000.0
1300.0	1300.0	1.0	2.0	0.0	0.0	0.0	0.0	0.0	0.0	0.0	4.3500000000000005	1.3000000000000007	0.0	0.0	-0.0005	0.001	0.0005	0.0005	0.001	0.0	0.0	0.0005	-0.001	-1000.0	-1000.0	-1000.0	-1000.0	0.1	0.001	1000.0	0.0	-10.0	-20.0	-43.5	-13.000000000000007	0.0	0.0	-0.0005	0.001	1000.0	1000.0	1000.0	1000.0
1400.0	1400.0	1.0	2.0	0.0	0.0	0.0	0.0	0.0	0.0	0.0	4.300000000000001	1.4000000000000006	0.0	0.0	-0.0005	0.001	0.0005	0.0005	0.001	0.0	0.0	0.0005	-0.001	-1000.0	-1000.0	-1000.0	-1000.0	0.1	0.001	1000.0	0.0	-10.0	-20.0	-43.00000000000001	-14.000000000000005	0.0	0.0	-0.0005	0.001	1000.0	1000.0	1000.0	1000.0
1500.0	1500.0	1.0	2.0	0.0	0.0	0.0	0.0	0.0	0.0	0.0	4.250000000000001	1.5000000000000004	0.0	0.0	-0.0005	0.001	0.0005	0.0005	0.001	0.0	0.0	0.0005	-0.001	-1000.0	-1000.0	-1000.0	-1000.0	0.1	0.001	1000.0	0.0	-10.0	-20.0	-42.50000000000001	-15.000000000000004	0.0	0.0	-0.0005	0.001	1000.0	1000.0	1000.0	1000.0
1600.0	1600.0	1.0	2.0	0.0	0.0	0.0	0.0	0.0	0.0	0.0	4.200000000000001	1.6000000000000005	0.0	0.0	-0.0005	0.001	0.0005	0.0005	0.001	0.0	0.0	0.0005	-0.001	-1000.0	-1000.0	-1000.0	-1000.0	0.1	0.001	1000.0	0.0	-10.0	-20.0	-42.00000000000001	-16.000000000000004	0.0	0.0	-0.0005	0.001	1000.0	1000.0	1000.0	1000.0
1700.0	1700.0	1.0	2.0	0.0	0.0	0.0	0.0	0.0	0.0	0.0	4.150000000000001	1.7000000000000006	0.0	0.0	-0.0005	0.001	0.0005	0.0005	0.001	0.0	0.0	0.0005	-0.001	-1000.0	-1000.0	-1000.0	-1000.0	0.1	0.001	1000.0	0.0	-10.0	-20.0	-41.50000000000001	-17.000000000000004	0.0	0.0	-0.0005	0.001	1000.0	1000.0	1000.0	1000.0
1800.0	1800.0	1.0	2.0	0.0	0.0	0.0	0.0	0.0	0.0	0.0	4.100000000000001	1.8000000000000007	0.0	0.0	-0.0005	0.001	0.0005	0.0005	0.001	0.0	0.0	0.0005	-0.001	-1000.0	-1000.0	-1000.0	-1000.0	0.1	0.001	1000.0	0.0	-10.0	-20.0	-41.000000000000014	-18.000000000000007	0.0	0.0	-0.0005	0.001	1000.0	1000.0	1000.0	1000.0
1900.0	1900.0	1.0	2.0	0.0	0.0	0.0	0.0	0.0	0.0	0.0	4.050000000000001	1.9000000000000008	0.0	0.0	-0.0005	0.001	0.0005	0.0005	0.001	0.0	0.0	0.0005	-0.001	-1000.0	-1000.0	-1000.0	-1000.0	0.1	0.001	1000.0	0.0	-10.0	-20.0	-40.50000000000001	-19.000000000000007	0.0	0.0	-0.0005	0.001	1000.0	1000.0	1000.0	1000.0
2000.0	2000.0	1.0	2.0	0.0	0.0	0.0	0.0	0.0	0.0	0.0	4.0	2.000000000000001	0.0	0.0	-0.0005	0.001	0.0005	0.0005	0.001	0.0	0.0	0.0005	-0.001	-1000.0	-1000.0	-1000.0	-1000.0	0.1	0.001	1000.0	0.0	-10.0	-20.0	-40.0	-20.000000000000007	0.0	0.0	-0.0005	0.001	1000.0	1000.0	1000.0	1000.0
2100.0	2100.0	1.0	2.0	0.0	0.0	0.0	0.0	0.0	0.0	0.0	3.95	2.100000000000001	0.0	0.0	-0.0005	0.001	0.0005	0.0005	0.001	0.0	0.0	0.0005	-0.001	-1000.0	-1000.0	-1000.0	-1000.0	0.1	0.001	1000.0	0.0	-10.0	-20.0	-39.5	-21.000000000000007	0.0	0.0	-0.0005	0.001	1000.0	1000.0	1000.0	1000.0
2200.0	2200.0	1.0	2.0	0.0	0.0	0.0	0.0	0.0	0.0	0.0	3.900000000000001	2.200000000000001	0.0	0.0	-0.0005	0.001	0.0005	0.0005	0.001	0.0	0.0	0.0005	-0.001	-1000.0	-1000.0	-1000.0	-1000.0	0.1	0.001	1000.0	0.0	-10.0	-20.0	-39.00000000000001	-22.00000000000001	0.0	0.0	-0.0005	0.001	1000.0	1000.0	1000.0	1000.0
2300.0	2300.0	1.0	2.0	0.0	0.0	0.0	0.0	0.0	0.0	0.0	3.85	2.300000000000001	0.0	0.0	-0.0005	0.001	0.0005	0.0005	0.001	0.0	0.0	0.0005	-0.001	-1000.0	-1000.0	-1000.0	-1000.0	0.1	0.001	1000.0	0.0	-10.0	-20.0	-38.5	-23.00000000000001	0.0	0.0	-0.0005	0.001	1000.0	1000.0	1000.0	1000.0
2400.0	2400.0	1.0	2.0	0.0	0.0	0.0	0.0	0.0	0.0	0.0	3.8000000000000003	2.4000000000000017	0.0	0.0	-0.0005	0.001	0.0005	0.0005	0.001	0.0	0.0	0.0005	-0.001	-1000.0	-1000.0	-1000.0	-1000.0	0.1	0.001	1000.0	0.0	-10.0	-20.0	-38.0	-24.000000000000014	0.0	0.0	-0.0005	0.001	1000.0	1000.0	1000.0	1000.0
2500.0	2500.0	1.0	2.0	0.0	0.0	0.0	0.0	0.0	0.0	0.0	3.75	2.5000000000000018	0.0	0.0	-0.0005	0.001	0.0005	0.0005	0.001	0.0	0.0	0.0005	-0.001	-1000.0	-1000.0	-1000.0	-1000.0	0.1	0.001	1000.0	0.0	-10.0	-20.0	-37.5	-25.000000000000018	0.0	0.0	-0.0005	0.001	1000.0	1000.0	1000.0	1000.0
2600.0	2600.0	1.0	2.0	0.0	0.0	0.0	0.0	0.0	0.0	0.0	3.7	2.6000000000000014	0.0	0.0	-0.0005	0.001	0.0005	0.0005	0.001	0.0	0.0	0.0005	-0.001	-1000.0	-1000.0	-1000.0	-1000.0	0.1	0.001	1000.0	0.0	-10.0	-20.0	-37.0	-26.000000000000014	0.0	0.0	-0.0005	0.001	1000.0	1000.0	1000.0	1000.0
2700.0	2700.0	1.0	2.0	0.0	0.0	0.0	0.0	0.0	0.0	0.0	3.65	2.700000000000001	0.0	0.0	-0.0005	0.001	0.0005	0.0005	0.001	0.0	0.0	0.0005	-0.001	-1000.0	-1000.0	-1000.0	-1000.0	0.1	0.001	1000.0	0.0	-10.0	-20.0	-36.5	-27.00000000000001	0.0	0.0	-0.0005	0.001	1000.0	1000.0	1000.0	1000.0
2800.0	2800.0	1.0	2.0	0.0	0.0	0.0	0.0	0.0	0.0	0.0	3.6	2.8000000000000016	0.0	0.0	-0.0005	0.001	0.0005	0.0005	0.001	0.0	0.0	0.0005	-0.001	-1000.0	-1000.0	-1000.0	-1000.0	0.1	0.001	1000.0	0.0	-10.0	-20.0	-36.0	-28.000000000000014	0.0	0.0	-0.0005	0.001	1000.0	1000.0	1000.0	1000.0
2900.0	2900.0	1.0	2.0	0.0	0.0	0.0	0.0	0.0	0.0	0.0	3.5500000000000003	2.9000000000000017	0.0	0.0	-0.0005	0.001	0.0005	0.0005	0.001	0.0	0.0	0.0005	-0.001	-1000.0	-1000.0	-1000.0	-1000.0	0.1	0.001	1000.0	0.0	-10.0	-20.0	-35.5	-29.000000000000014	0.0	0.0	-0.0005	0.001	1000.0	1000.0	1000.0	1000.0
3000.0	3000.0	1.0	2.0	0.0	0.0	0.0	0.0	0.0	0.0	0.0	3.5	3.0000000000000018	0.0	0.0	-0.0005	0.001	0.0005	0.0005	0.001	0.0	0.0	0.0005	-0.001	-1000.0	-1000.0	-1000.0	-1000.0	0.1	0.001	1000.0	0.0	-10.0	-20.0	-35.0	-30.000000000000018	0.0	0.0	-0.0005	0.001	1000.0	1000.0	1000.0	1000.0
3100.0	3100.0	1.0	2.0	0.0	0.0	0.0	0.0	0.0	0.0	0.0	3.45	3.100000000000002	0.0	0.0	-0.0005	0.001	0.0005	0.0005	0.001	0.0	0.0	0.0005	-0.001	-1000.0	-1000.0	-1000.0	-1000.0	0.1	0.001	1000.0	0.0	-10.0	-20.0	-34.5	-31.000000000000018	0.0	0.0	-0.0005	0.001	1000.0	1000.0	1000.0	1000.0
3200.0	3200.0	1.0	2.0	0.0	0.0	0.0	0.0	0.0	0.0	0.0	3.4	3.200000000000001	0.0	0.0	-0.0005	0.001	0.0005	0.0005	0.001	0.0	0.0	0.0005	-0.001	-1000.0	-1000.0	-1000.0	-1000.0	0.1	0.001	1000.0	0.0	-10.0	-20.0	-34.0	-32.00000000000001	0.0	0.0	-0.0005	0.001	1000.0	1000.0	1000.0	1000.0
3300.0	3300.0	1.0	2.0	0.0	0.0	0.0	0.0	0.0	0.0	0.0	3.3499999999999996	3.300000000000001	0.0	0.0	-0.0005	0.001	0.0005	0.0005	0.001	0.0	0.0	0.0005	-0.001	-1000.0	-1000.0	-1000.0	-1000.0	0.1	0.001	1000.0	0.0	-10.0	-20.0	-33.49999999999999	-33.00000000000001	0.0	0.0	-0.0005	0.001	1000.0	1000.0	1000.0	1000.0
3400.0	3400.0	1.0	2.0	0.0	0.0	0.0	0.0	0.0	0.0	0.0	3.3	3.400000000000001	0.0	0.0	-0.0005	0.001	0.0005	0.0005	0.001	0.0	0.0	0.0005	-0.001	-1000.0	-1000.0	-1000.0	-1000.0	0.1	0.001	1000.0	0.0	-10.0	-20.0	-32.99999999999999	-34.00000000000001	0.0	0.0	-0.0005	0.001	1000.0	1000.0	1000.0	1000.0
3500.0	3500.0	1.0	2.0	0.0	0.0	0.0	0.0	0.0	0.0	0.0	3.25	3.5000000000000004	0.0	0.0	-0.0005	0.001	0.0005	0.0005	0.001	0.0	0.0	0.0005	-0.001	-1000.0	-1000.0	-1000.0	-1000.0	0.1	0.001	1000.0	0.0	-10.0	-20.0	-32.5	-35.0	0.0	0.0	-0.0005	0.001	1000.0	1000.0	1000.0	1000.0
3600.0	3600.0	1.0	2.0	0.0	0.0	0.0	0.0	0.0	0.0	0.0	3.1999999999999997	3.5999999999999996	0.0	0.0	-0.0005	0.001	0.0005	0.0005	0.001	0.0	0.0	0.0005	-0.001	-1000.0	-1000.0	-1000.0	-1000.0	0.1	0.001	1000.0	0.0	-10.0	-20.0	-31.999999999999996	-35.99999999999999	0.0	0.0	-0.0005	0.001	1000.0	1000.0	1000.0	1000.0
3700.0	3700.0	1.0	2.0	0.0	0.0	0.0	0.0	0.0	0.0	0.0	3.15	3.6999999999999997	0.0	0.0	-0.0005	0.001	0.0005	0.0005	0.001	0.0	0.0	0.0005	-0.001	-1000.0	-1000.0	-1000.0	-1000.0	0.1	0.001	1000.0	0.0	-10.0	-20.0	-31.499999999999996	-36.99999999999999	0.0	0.0	-0.0005	0.001	1000.0	1000.0	1000.0	1000.0
3800.0	3800.0	1.0	2.0	0.0	0.0	0.0	0.0	0.0	0.0	0.0	3.1	3.8	0.0	0.0	-0.0005	0.001	0.0005	0.0005	0.001	0.0	0.0	0.0005	-0.001	-1000.0	-1000.0	-1000.0	-1000.0	0.1	0.001	1000.0	0.0	-10.0	-20.0	-31.0	-37.99999999999999	0.0	0.0	-0.0005	0.001	1000.0	1000.0	1000.0	1000.0
3900.0	3900.0	1.0	2.0	0.0	0.0	0.0	0.0	0.0	0.0	0.0	3.05	3.8999999999999995	0.0	0.0	-0.0005	0.001	0.0005	0.0005	0.001	0.0	0.0	0.0005	-0.001	-1000.0	-1000.0	-1000.0	-1000.0	0.1	0.001	1000.0	0.0	-10.0	-20.0	-30.499999999999996	-38.99999999999999	0.0	0.0	-0.0005	0.001	1000.0	1000.0	1000.0	1000.0
4000.0	4000.0	1.0	2.0	0.0	0.0	0.0	0.0	0.0	0.0	0.0	3.0	3.9999999999999996	0.0	0.0	-0.0005	0.001	0.0005	0.0005	0.001	0.0	0.0	0.0005	-0.001	-1000.0	-1000.0	-1000.0	-1000.0	0.1	0.001	1000.0	0.0	-10.0	-20.0	-30.0	-39.99999999999999	0.0	0.0	-0.0005	0.001	1000.0	1000.0	1000.0	1000.0
4100.0	4100.0	1.0	2.0	0.0	0.0	0.0	0.0	0.0	0.0	0.0	2.9499999999999997	4.1	0.0	0.0	-0.0005	0.001	0.0005	0.0005	0.001	0.0	0.0	0.0005	-0.001	-1000.0	-1000.0	-1000.0	-1000.0	0.1	0.001	1000.0	0.0	-10.0	-20.0	-29.499999999999996	-40.99999999999999	0.0	0.0	-0.0005	0.001	1000.0	1000.0	1000.0	1000.0
4200.0	4200.0	1.0	2.0	0.0	0.0	0.0	0.0	0.0	0.0	0.0	2.899999999999999	4.200000000000001	0.0	0.0	-0.0005	0.001	0.0005	0.0005	0.001	0.0	0.0	0.0005	-0.001	-1000.0	-1000.0	-1000.0	-1000.0	0.1	0.001	1000.0	0.0	-10.0	-20.0	-28.99999999999999	-42.00000000000001	0.0	0.0	-0.0005	0.001	1000.0	1000.0	1000.0	1000.0
4300.0	4300.0	1.0	2.0	0.0	0.0	0.0	0.0	0.0	0.0	0.0	2.8499999999999988	4.3000000000000025	0.0	0.0	-0.0005	0.001	0.0005	0.0005	0.001	0.0	0.0	0.0005	-0.001	-1000.0	-1000.0	-1000.0	-1000.0	0.1	0.001	1000.0	0.0	-10.0	-20.0	-28.499999999999986	-43.00000000000002	0.0	0.0	-0.0005	0.001	1000.0	1000.0	1000.0	1000.0
4400.0	4400.0	1.0	2.0	0.0	0.0	0.0	0.0	0.0	0.0	0.0	2.799999999999999	4.400000000000002	0.0	0.0	-0.0005	0.001	0.0005	0.0005	0.001	0.0	0.0	0.0005	-0.001	-1000.0	-1000.0	-1000.0	-1000.0	0.1	0.001	1000.0	0.0	-10.0	-20.0	-27.99999999999999	-44.00000000000002	0.0	0.0	-0.0005	0.001	1000.0	1000.0	1000.0	1000.0
4500.0	4500.0	1.0	2.0	0.0	0.0	0.0	0.0	0.0	0.0	0.0	2.7499999999999982	4.5000000000000036	0.0	0.0	-0.0005	0.001	0.0005	0.0005	0.001	0.0	0.0	0.0005	-0.001	-1000.0	-1000.0	-1000.0	-1000.0	0.1	0.001	1000.0	0.0	-10.0	-20.0	-27.499999999999982	-45.000000000000036	0.0	0.0	-0.0005	0.001	1000.0	1000.0	1000.0	1000.0
4600.0	4600.0	1.0	2.0	0.0	0.0	0.0	0.0	0.0	0.0	0.0	2.6999999999999975	4.600000000000005	0.0	0.0	-0.0005	0.001	0.0005	0.0005	0.001	0.0	0.0	0.0005	-0.001	-1000.0	-1000.0	-1000.0	-1000.0	0.1	0.001	1000.0	0.0	-10.0	-20.0	-26.999999999999975	-46.00000000000005	0.0	0.0	-0.0005	0.001	1000.0	1000.0	1000.0	1000.0
4700.0	4700.0	1.0	2.0	0.0	0.0	0.0	0.0	0.0	0.0	0.0	2.6499999999999977	4.700000000000005	0.0	0.0	-0.0005	0.001	0.0005	0.0005	0.001	0.0	0.0	0.0005	-0.001	-1000.0	-1000.0	-1000.0	-1000.0	0.1	0.001	1000.0	0.0	-10.0	-20.0	-26.499999999999975	-47.00000000000004	0.0	0.0	-0.0005	0.001	1000.0	1000.0	1000.0	1000.0
4800.0	4800.0	1.0	2.0	0.0	0.0	0.0	0.0	0.0	0.0	0.0	2.599999999999998	4.800000000000004	0.0	0.0	-0.0005	0.001	0.0005	0.0005	0.001	0.0	0.0	0.0005	-0.001	-1000.0	-1000.0	-1000.0	-1000.0	0.1	0.001	1000.0	0.0	-10.0	-20.0	-25.99999999999998	-48.00000000000004	0.0	0.0	-0.0005	0.001	1000.0	1000.0	1000.0	1000.0
4900.0	4900.0	1.0	2.0	0.0	0.0	0.0	0.0	0.0	0.0	0.0	2.549999999999998	4.900000000000004	0.0	0.0	-0.0005	0.001	0.0005	0.0005	0.001	0.0	0.0	0.0005	-0.001	-1000.0	-1000.0	-1000.0	-1000.0	0.1	0.001	1000.0	0.0	-10.0	-20.0	-25.49999999999998	-49.000000000000036	0.0	0.0	-0.0005	0.001	1000.0	1000.0	1000.0	1000.0
5000.0	5000.0	1.0	2.0	0.0	0.0	0.0	0.0	0.0	0.0	0.0	2.4999999999999982	5.0000000000000036	0.0	0.0	-0.0005	0.001	0.0005	0.0005	0.001	0.0	0.0	0.0005	-0.001	-1000.0	-1000.0	-1000.0	-1000.0	0.1	0.001	1000.0	0.0	-10.0	-20.0	-24.999999999999982	-50.000000000000036	0.0	0.0	-0.0005	0.001	1000.0	1000.0	1000.0	1000.0
5100.0	5100.0	1.0	2.0	0.0	0.0	0.0	0.0	0.0	0.0	0.0	2.4499999999999975	5.100000000000005	0.0	0.0	-0.0005	0.001	0.0005	0.0005	0.001	0.0	0.0	0.0005	-0.001	-1000.0	-1000.0	-1000.0	-1000.0	0.1	0.001	1000.0	0.0	-10.0	-20.0	-24.499999999999975	-51.00000000000005	0.0	0.0	-0.0005	0.001	1000.0	1000.0	1000.0	1000.0
5200.0	5200.0	1.0	2.0	0.0	0.0	0.0	0.0	0.0	0.0	0.0	2.3999999999999977	5.200000000000005	0.0	0.0	-0.0005	0.001	0.0005	0.0005	0.001	0.0	0.0	0.0005	-0.001	-1000.0	-1000.0	-1000.0	-1000.0	0.1	0.001	1000.0	0.0	-10.0	-20.0	-23.999999999999975	-52.00000000000004	0.0	0.0	-0.0005	0.001	1000.0	1000.0	1000.0	1000.0
5300.0	5300.0	1.0	2.0	0.0	0.0	0.0	0.0	0.0	0.0	0.0	2.349999999999998	5.300000000000005	0.0	0.0	-0.0005	0.001	0.0005	0.0005	0.001	0.0	0.0	0.0005	-0.001	-1000.0	-1000.0	-1000.0	-1000.0	0.1	0.001	1000.0	0.0	-10.0	-20.0	-23.49999999999998	-53.00000000000005	0.0	0.0	-0.0005	0.001	1000.0	1000.0	1000.0	1000.0
5400.0	5400.0	1.0	2.0	0.0	0.0	0.0	0.0	0.0	0.0	0.0	2.299999999999998	5.400000000000005	0.0	0.0	-0.0005	0.001	0.0005	0.0005	0.001	0.0	0.0	0.0005	-0.001	-1000.0	-1000.0	-1000.0	-1000.0	0.1	0.001	1000.0	0.0	-10.0	-20.0	-22.99999999999998	-54.00000000000004	0.0	0.0	-0.0005	0.001	1000.0	1000.0	1000.0	1000.0
5500.0	5500.0	1.0	2.0	0.0	0.0	0.0	0.0	0.0	0.0	0.0	2.2499999999999982	5.500000000000005	0.0	0.0	-0.0005	0.001	0.0005	0.0005	0.001	0.0	0.0	0.0005	-0.001	-1000.0	-1000.0	-1000.0	-1000.0	0.1	0.001	1000.0	0.0	-10.0	-20.0	-22.499999999999982	-55.00000000000005	0.0	0.0	-0.0005	0.001	1000.0	1000.0	1000.0	1000.0
5600.0	5600.0	1.0	2.0	0.0	0.0	0.0	0.0	0.0	0.0	0.0	2.199999999999998	5.600000000000006	0.0	0.0	-0.0005	0.001	0.0005	0.0005	0.001	0.0	0.0	0.0005	-0.001	-1000.0	-1000.0	-1000.0	-1000.0	0.1	0.001	1000.0	0.0	-10.0	-20.0	-21.99999999999998	-56.00000000000006	0.0	0.0	-0.0005	0.001	1000.0	1000.0	1000.0	1000.0
5700.0	5700.0	1.0	2.0	0.0	0.0	0.0	0.0	0.0	0.0	0.0	2.149999999999998	5.7000000000000055	0.0	0.0	-0.0005	0.001	0.0005	0.0005	0.001	0.0	0.0	0.0005	-0.001	-1000.0	-1000.0	-1000.0	-1000.0	0.1	0.001	1000.0	0.0	-10.0	-20.0	-21.49999999999998	-57.00000000000005	0.0	0.0	-0.0005	0.001	1000.0	1000.0	1000.0	1000.0
5800.0	5800.0	1.0	2.0	0.0	0.0	0.0	0.0	0.0	0.0	0.0	2.0999999999999988	5.800000000000005	0.0	0.0	-0.0005	0.001	0.0005	0.0005	0.001	0.0	0.0	0.0005	-0.001	-1000.0	-1000.0	-1000.0	-1000.0	0.1	0.001	1000.0	0.0	-10.0	-20.0	-20.999999999999986	-58.00000000000005	0.0	0.0	-0.0005	0.001	1000.0	1000.0	1000.0	1000.0
5900.0	5900.0	1.0	2.0	0.0	0.0	0.0	0.0	0.0	0.0	0.0	2.0499999999999985	5.900000000000005	0.0	0.0	-0.0005	0.001	0.0005	0.0005	0.001	0.0	0.0	0.0005	-0.001	-1000.0	-1000.0	-1000.0	-1000.0	0.1	0.001	1000.0	0.0	-10.0	-20.0	-20.499999999999982	-59.00000000000004	0.0	0.0	-0.0005	0.001	1000.0	1000.0	1000.0	1000.0
6000.0	6000.0	1.0	2.0	0.0	0.0	0.0	0.0	0.0	0.0	0.0	1.9999999999999982	6.000000000000005	0.0	0.0	-0.0005	0.001	0.0005	0.0005	0.001	0.0	0.0	0.0005	-0.001	-1000.0	-1000.0	-1000.0	-1000.0	0.1	0.001	1000.0	0.0	-10.0	-20.0	-19.999999999999982	-60.00000000000005	0.0	0.0	-0.0005	0.001	1000.0	1000.0	1000.0	1000.0
6100.0	6100.0	1.0	2.0	0.0	0.0	0.0	0.0	0.0	0.0	0.0	1.9499999999999986	6.100000000000006	0.0	0.0	-0.0005	0.001	0.0005	0.0005	0.001	0.0	0.0	0.0005	-0.001	-1000.0	-1000.0	-1000.0	-1000.0	0.1	0.001	1000.0	0.0	-10.0	-20.0	-19.499999999999986	-61.00000000000006	0.0	0.0	-0.0005	0.001	1000.0	1000.0	1000.0	1000.0
6200.0	6200.0	1.0	2.0	0.0	0.0	0.0	0.0	0.0	0.0	0.0	1.8999999999999986	6.200000000000006	0.0	0.0	-0.0005	0.001	0.0005	0.0005	0.001	0.0	0.0	0.0005	-0.001	-1000.0	-1000.0	-1000.0	-1000.0	0.1	0.001	1000.0	0.0	-10.0	-20.0	-18.999999999999986	-62.000000000000064	0.0	0.0	-0.0005	0.001	1000.0	1000.0	1000.0	1000.0
6300.0	6300.0	1.0	2.0	0.0	0.0	0.0	0.0	0.0	0.0	0.0	1.8499999999999985	6.300000000000006	0.0	0.0	-0.0005	0.001	0.0005	0.0005	0.001	0.0	0.0	0.0005	-0.001	-1000.0	-1000.0	-1000.0	-1000.0	0.1	0.001	1000.0	0.0	-10.0	-20.0	-18.499999999999986	-63.00000000000006	0.0	0.0	-0.0005	0.001	1000.0	1000.0	1000.0	1000.0
6400.0	6400.0	1.0	2.0	0.0	0.0	0.0	0.0	0.0	0.0	0.0	1.7999999999999987	6.400000000000006	0.0	0.0	-0.0005	0.001	0.0005	0.0005	0.001	0.0	0.0	0.0005	-0.001	-1000.0	-1000.0	-1000.0	-1000.0	0.1	0.001	1000.0	0.0	-10.0	-20.0	-17.999999999999986	-64.00000000000006	0.0	0.0	-0.0005	0.001	1000.0	1000.0	1000.0	1000.0
6500.0	6500.0	1.0	2.0	0.0	0.0	0.0	0.0	0.0	0.0	0.0	1.7499999999999987	6.500000000000006	0.0	0.0	-0.0005	0.001	0.0005	0.0005	0.001	0.0	0.0	0.0005	-0.001	-1000.0	-1000.0	-1000.0	-1000.0	0.1	0.001	1000.0	0.0	-10.0	-20.0	-17.499999999999986	-65.00000000000006	0.0	0.0	-0.0005	0.001	1000.0	1000.0	1000.0	1000.0
6600.0	6600.0	1.0	2.0	0.0	0.0	0.0	0.0	0.0	0.0	0.0	1.6999999999999984	6.600000000000007	0.0	0.0	-0.0005	0.001	0.0005	0.0005	0.001	0.0	0.0	0.0005	-0.001	-1000.0	-1000.0	-1000.0	-1000.0	0.1	0.001	1000.0	0.0	-10.0	-20.0	-16.999999999999982	-66.00000000000006	0.0	0.0	-0.0005	0.001	1000.0	1000.0	1000.0	1000.0
6700.0	6700.0	1.0	2.0	0.0	0.0	0.0	0.0	0.0	0.0	0.0	1.6499999999999984	6.700000000000007	0.0	0.0	-0.0005	0.001	0.0005	0.0005	0.001	0.0	0.0	0.0005	-0.001	-1000.0	-1000.0	-1000.0	-1000.0	0.1	0.001	1000.0	0.0	-10.0	-20.0	-16.499999999999982	-67.00000000000007	0.0	0.0	-0.0005	0.001	1000.0	1000.0	1000.0	1000.0
6800.0	6800.0	1.0	2.0	0.0	0.0	0.0	0.0	0.0	0.0	0.0	1.5999999999999988	6.800000000000007	0.0	0.0	-0.0005	0.001	0.0005	0.0005	0.001	0.0	0.0	0.0005	-0.001	-1000.0	-1000.0	-1000.0	-1000.0	0.1	0.001	1000.0	0.0	-10.0	-20.0	-15.999999999999988	-68.00000000000007	0.0	0.0	-0.0005	0.001	1000.0	1000.0	1000.0	1000.0
6900.0	6900.0	1.0	2.0	0.0	0.0	0.0	0.0	0.0	0.0	0.0	1.5499999999999987	6.9000000000000075	0.0	0.0	-0.0005	0.001	0.0005	0.0005	0.001	0.0	0.0	0.0005	-0.001	-1000.0	-1000.0	-1000.0	-1000.0	0.1	0.001	1000.0	0.0	-10.0	-20.0	-15.499999999999986	-69.00000000000007	0.0	0.0	-0.0005	0.001	1000.0	1000.0	1000.0	1000.0
7000.0	7000.0	1.0	2.0	0.0	0.0	0.0	0.0	0.0	0.0	0.0	1.4999999999999982	7.000000000000009	0.0	0.0	-0.0005	0.001	0.0005	0.0005	0.001	0.0	0.0	0.0005	-0.001	-1000.0	-1000.0	-1000.0	-1000.0	0.1	0.001	1000.0	0.0	-10.0	-20.0	-14.999999999999982	-70.00000000000009	0.0	0.0	-0.0005	0.001	1000.0	1000.0	1000.0	1000.0
7100.0	7100.0	1.0	2.0	0.0	0.0	0.0	0.0	0.0	0.0	0.0	1.4499999999999982	7.1000000000000085	0.0	0.0	-0.0005	0.001	0.0005	0.0005	0.001	0.0	0.0	0.0005	-0.001	-1000.0	-1000.0	-1000.0	-1000.0	0.1	0.001	1000.0	0.0	-10.0	-20.0	-14.49999999999998	-71.00000000000009	0.0	0.0	-0.0005	0.001	1000.0	1000.0	1000.0	1000.0
7200.0	7200.0	1.0	2.0	0.0	0.0	0.0	0.0	0.0	0.0	0.0	1.399999999999998	7.200000000000008	0.0	0.0	-0.0005	0.001	0.0005	0.0005	0.001	0.0	0.0	0.0005	-0.001	-1000.0	-1000.0	-1000.0	-1000.0	0.1	0.001	1000.0	0.0	-10.0	-20.0	-13.999999999999979	-72.00000000000007	0.0	0.0	-0.0005	0.001	1000.0	1000.0	1000.0	1000.0
7300.0	7300.0	1.0	2.0	0.0	0.0	0.0	0.0	0.0	0.0	0.0	1.349999999999998	7.300000000000008	0.0	0.0	-0.0005	0.001	0.0005	0.0005	0.001	0.0	0.0	0.0005	-0.001	-1000.0	-1000.0	-1000.0	-1000.0	0.1	0.001	1000.0	0.0	-10.0	-20.0	-13.49999999999998	-73.00000000000007	0.0	0.0	-0.0005	0.001	1000.0	1000.0	1000.0	1000.0
7400.0	7400.0	1.0	2.0	0.0	0.0	0.0	0.0	0.0	0.0	0.0	1.299999999999998	7.400000000000008	0.0	0.0	-0.0005	0.001	0.0005	0.0005	0.001	0.0	0.0	0.0005	-0.001	-1000.0	-1000.0	-1000.0	-1000.0	0.1	0.001	1000.0	0.0	-10.0	-20.0	-12.99999999999998	-74.00000000000009	0.0	0.0	-0.0005	0.001	1000.0	1000.0	1000.0	1000.0
7500.0	7500.0	1.0	2.0	0.0	0.0	0.0	0.0	0.0	0.0	0.0	1.249999999999998	7.500000000000009	0.0	0.0	-0.0005	0.001	0.0005	0.0005	0.001	0.0	0.0	0.0005	-0.001	-1000.0	-1000.0	-1000.0	-1000.0	0.1	0.001	1000.0	0.0	-10.0	-20.0	-12.499999999999979	-75.00000000000009	0.0	0.0	-0.0005	0.001	1000.0	1000.0	1000.0	1000.0
7600.0	7600.0	1.0	2.0	0.0	0.0	0.0	0.0	0.0	0.0	0.0	1.1999999999999975	7.600000000000009	0.0	0.0	-0.0005	0.001	0.0005	0.0005	0.001	0.0	0.0	0.0005	-0.001	-1000.0	-1000.0	-1000.0	-1000.0	0.1	0.001	1000.0	0.0	-10.0	-20.0	-11.999999999999975	-76.00000000000009	0.0	0.0	-0.0005	0.001	1000.0	1000.0	1000.0	1000.0
7700.0	7700.0	1.0	2.0	0.0	0.0	0.0	0.0	0.0	0.0	0.0	1.149999999999998	7.700000000000009	0.0	0.0	-0.0005	0.001	0.0005	0.0005	0.001	0.0	0.0	0.0005	-0.001	-1000.0	-1000.0	-1000.0	-1000.0	0.1	0.001	1000.0	0.0	-10.0	-20.0	-11.499999999999979	-77.00000000000009	0.0	0.0	-0.0005	0.001	1000.0	1000.0	1000.0	1000.0
7800.0	7800.0	1.0	2.0	0.0	0.0	0.0	0.0	0.0	0.0	0.0	1.0999999999999976	7.800000000000009	0.0	0.0	-0.0005	0.001	0.0005	0.0005	0.001	0.0	0.0	0.0005	-0.001	-1000.0	-1000.0	-1000.0	-1000.0	0.1	0.001	1000.0	0.0	-10.0	-20.0	-10.999999999999975	-78.00000000000009	0.0	0.0	-0.0005	0.001	1000.0	1000.0	1000.0	1000.0
7900.0	7900.0	1.0	2.0	0.0	0.0	0.0	0.0	0.0	0.0	0.0	1.0499999999999976	7.900000000000008	0.0	0.0	-0.0005	0.001	0.0005	0.0005	0.001	0.0	0.0	0.0005	-0.001	-1000.0	-1000.0	-1000.0	-1000.0	0.1	0.001	1000.0	0.0	-10.0	-20.0	-10.499999999999975	-79.00000000000009	0.0	0.0	-0.0005	0.001	1000.0	1000.0	1000.0	1000.0
8000.0	8000.0	1.0	2.0	0.0	0.0	0.0	0.0	0.0	0.0	0.0	0.9999999999999976	8.000000000000007	0.0	0.0	-0.0005	0.001	0.0005	0.0005	0.001	0.0	0.0	0.0005	-0.001	-1000.0	-1000.0	-1000.0	-1000.0	0.1	0.001	1000.0	0.0	-10.0	-20.0	-9.999999999999975	-80.00000000000007	0.0	0.0	-0.0005	0.001	1000.0	1000.0	1000.0	1000.0
8100.0	8100.0	1.0	2.0	0.0	0.0	0.0	0.0	0.0	0.0	0.0	0.9499999999999976	8.100000000000007	0.0	0.0	-0.0005	0.001	0.0005	0.0005	0.001	0.0	0.0	0.0005	-0.001	-1000.0	-1000.0	-1000.0	-1000.0	0.1	0.001	1000.0	0.0	-10.0	-20.0	-9.499999999999975	-81.00000000000006	0.0	0.0	-0.0005	0.001	1000.0	1000.0	1000.0	1000.0
8200.0	8200.0	1.0	2.0	0.0	0.0	0.0	0.0	0.0	0.0	0.0	0.8999999999999977	8.200000000000006	0.0	0.0	-0.0005	0.001	0.0005	0.0005	0.001	0.0	0.0	0.0005	-0.001	-1000.0	-1000.0	-1000.0	-1000.0	0.1	0.001	1000.0	0.0	-10.0	-20.0	-8.999999999999977	-82.00000000000006	0.0	0.0	-0.0005	0.001	1000.0	1000.0	1000.0	1000.0
8300.0	8300.0	1.0	2.0	0.0	0.0	0.0	0.0	0.0	0.0	0.0	0.8499999999999982	8.300000000000006	0.0	0.0	-0.0005	0.001	0.0005	0.0005	0.001	0.0	0.0	0.0005	-0.001	-1000.0	-1000.0	-1000.0	-1000.0	0.1	0.001	1000.0	0.0	-10.0	-20.0	-8.499999999999982	-83.00000000000006	0.0	0.0	-0.0005	0.001	1000.0	1000.0	1000.0	1000.0
8400.0	8400.0	1.0	2.0	0.0	0.0	0.0	0.0	0.0	0.0	0.0	0.7999999999999982	8.400000000000006	0.0	0.0	-0.0005	0.001	0.0005	0.0005	0.001	0.0	0.0	0.0005	-0.001	-1000.0	-1000.0	-1000.0	-1000.0	0.1	0.001	1000.0	0.0	-10.0	-20.0	-7.999999999999981	-84.00000000000006	0.0	0.0	-0.0005	0.001	1000.0	1000.0	1000.0	1000.0
8500.0	8500.0	1.0	2.0	0.0	0.0	0.0	0.0	0.0	0.0	0.0	0.749999999999998	8.500000000000007	0.0	0.0	-0.0005	0.001	0.0005	0.0005	0.001	0.0	0.0	0.0005	-0.001	-1000.0	-1000.0	-1000.0	-1000.0	0.1	0.001	1000.0	0.0	-10.0	-20.0	-7.49999999999998	-85.00000000000007	0.0	0.0	-0.0005	0.001	1000.0	1000.0	1000.0	1000.0
8600.0	8600.0	1.0	2.0	0.0	0.0	0.0	0.0	0.0	0.0	0.0	0.6999999999999985	8.600000000000005	0.0	0.0	-0.0005	0.001	0.0005	0.0005	0.001	0.0	0.0	0.0005	-0.001	-1000.0	-1000.0	-1000.0	-1000.0	0.1	0.001	1000.0	0.0	-10.0	-20.0	-6.999999999999985	-86.00000000000004	0.0	0.0	-0.0005	0.001	1000.0	1000.0	1000.0	1000.0
8700.0	8700.0	1.0	2.0	0.0	0.0	0.0	0.0	0.0	0.0	0.0	0.6499999999999988	8.700000000000005	0.0	0.0	-0.0005	0.001	0.0005	0.0005	0.001	0.0	0.0	0.0005	-0.001	-1000.0	-1000.0	-1000.0	-1000.0	0.1	0.001	1000.0	0.0	-10.0	-20.0	-6.499999999999988	-87.00000000000004	0.0	0.0	-0.0005	0.001	1000.0	1000.0	1000.0	1000.0
8800.0	8800.0	1.0	2.0	0.0	0.0	0.0	0.0	0.0	0.0	0.0	0.599999999999999	8.800000000000006	0.0	0.0	-0.0005	0.001	0.0005	0.0005	0.001	0.0	0.0	0.0005	-0.001	-1000.0	-1000.0	-1000.0	-1000.0	0.1	0.001	1000.0	0.0	-10.0	-20.0	-5.999999999999989	-88.00000000000006	0.0	0.0	-0.0005	0.001	1000.0	1000.0	1000.0	1000.0
8900.0	8900.0	1.0	2.0	0.0	0.0	0.0	0.0	0.0	0.0	0.0	0.5499999999999989	8.900000000000007	0.0	0.0	-0.0005	0.001	0.0005	0.0005	0.001	0.0	0.0	0.0005	-0.001	-1000.0	-1000.0	-1000.0	-1000.0	0.1	0.001	1000.0	0.0	-10.0	-20.0	-5.499999999999989	-89.00000000000007	0.0	0.0	-0.0005	0.001	1000.0	1000.0	1000.0	1000.0
9000.0	9000.0	1.0	2.0	0.0	0.0	0.0	0.0	0.0	0.0	0.0	0.4999999999999986	9.000000000000009	0.0	0.0	-0.0005	0.001	0.0005	0.0005	0.001	0.0	0.0	0.0005	-0.001	-1000.0	-1000.0	-1000.0	-1000.0	0.1	0.001	1000.0	0.0	-10.0	-20.0	-4.999999999999986	-90.00000000000009	0.0	0.0	-0.0005	0.001	1000.0	1000.0	1000.0	1000.0
9100.0	9100.0	1.0	2.0	0.0	0.0	0.0	0.0	0.0	0.0	0.0	0.4499999999999982	9.100000000000009	0.0	0.0	-0.0005	0.001	0.0005	0.0005	0.001	0.0	0.0	0.0005	-0.001	-1000.0	-1000.0	-1000.0	-1000.0	0.1	0.001	1000.0	0.0	-10.0	-20.0	-4.499999999999981	-91.00000000000009	0.0	0.0	-0.0005	0.001	1000.0	1000.0	1000.0	1000.0
9200.0	9200.0	1.0	2.0	0.0	0.0	0.0	0.0	0.0	0.0	0.0	0.399999999999998	9.200000000000008	0.0	0.0	-0.0005	0.001	0.0005	0.0005	0.001	0.0	0.0	0.0005	-0.001	-1000.0	-1000.0	-1000.0	-1000.0	0.1	0.001	1000.0	0.0	-10.0	-20.0	-3.99999999999998	-92.00000000000007	0.0	0.0	-0.0005	0.001	1000.0	1000.0	1000.0	1000.0
9300.0	9300.0	1.0	2.0	0.0	0.0	0.0	0.0	0.0	0.0	0.0	0.3499999999999982	9.30000000000001	0.0	0.0	-0.0005	0.001	0.0005	0.0005	0.001	0.0	0.0	0.0005	-0.001	-1000.0	-1000.0	-1000.0	-1000.0	0.1	0.001	1000.0	0.0	-10.0	-20.0	-3.499999999999982	-93.00000000000009	0.0	0.0	-0.0005	0.001	1000.0	1000.0	1000.0	1000.0
9400.0	9400.0	1.0	2.0	0.0	0.0	0.0	0.0	0.0	0.0	0.0	0.2999999999999983	9.40000000000001	0.0	0.0	-0.0005	0.001	0.0005	0.0005	0.001	0.0	0.0	0.0005	-0.001	-1000.0	-1000.0	-1000.0	-1000.0	0.1	0.001	1000.0	0.0	-10.0	-20.0	-2.999999999999983	-94.00000000000009	0.0	0.0	-0.0005	0.001	1000.0	1000.0	1000.0	1000.0
9500.0	9500.0	1.0	2.0	0.0	0.0	0.0	0.0	0.0	0.0	0.0	0.24999999999999858	9.500000000000009	0.0	0.0	-0.0005	0.001	0.0005	0.0005	0.001	0.0	0.0	0.0005	-0.001	-1000.0	-1000.0	-1000.0	-1000.0	0.1	0.001	1000.0	0.0	-10.0	-20.0	-2.499999999999986	-95.00000000000009	0.0	0.0	-0.0005	0.001	1000.0	1000.0	1000.0	1000.0
9600.0	9600.0	1.0	2.0	0.0	0.0	0.0	0.0	0.0	0.0	0.0	0.19999999999999898	9.600000000000007	0.0	0.0	-0.0005	0.001	0.0005	0.0005	0.001	0.0	0.0	0.0005	-0.001	-1000.0	-1000.0	-1000.0	-1000.0	0.1	0.001	1000.0	0.0	-10.0	-20.0	-1.9999999999999898	-96.00000000000006	0.0	0.0	-0.0005	0.001	1000.0	1000.0	1000.0	1000.0
9700.0	9700.0	1.0	2.0	0.0	0.0	0.0	0.0	0.0	0.0	0.0	0.14999999999999958	9.700000000000005	0.0	0.0	-0.0005	0.001	0.0005	0.0005	0.001	0.0	0.0	0.0005	-0.001	-1000.0	-1000.0	-1000.0	-1000.0	0.1	0.001	1000.0	0.0	-10.0	-20.0	-1.4999999999999958	-97.00000000000004	0.0	0.0	-0.0005	0.001	1000.0	1000.0	1000.0	1000.0
9800.0	9800.0	1.0	2.0	0.0	0.0	0.0	0.0	0.0	0.0	0.0	0.09999999999999963	9.800000000000004	0.0	0.0	-0.0005	0.001	0.0005	0.0005	0.001	0.0	0.0	0.0005	-0.001	-1000.0	-1000.0	-1000.0	-1000.0	0.1	0.001	1000.0	0.0	-10.0	-20.0	-0.9999999999999962	-98.00000000000004	0.0	0.0	-0.0005	0.001	1000.0	1000.0	1000.0	1000.0
9900.0	9900.0	1.0	2.0	0.0	0.0	0.0	0.0	0.0	0.0	0.0	0.04999999999999949	9.900000000000004	0.0	0.0	-0.0005	0.001	0.0005	0.0005	0.001	0.0	0.0	0.0005	-0.001	-1000.0	-1000.0	-1000.0	-1000.0	0.1	0.001	1000.0	0.0	-10.0	-20.0	-0.4999999999999949	-99.00000000000003	0.0	0.0	-0.0005	0.001	1000.0	1000.0	1000.0	1000.0
10000.0	10000.0	1.0	2.0	0.0	0.0	0.0	0.0	0.0	0.0	0.0	-7.485331798839923e-16	10.000000000000004	0.0	0.0	0.0	0.0	0.0	0.0	0.0	0.0	0.0	0.0	0.0	-1000.0	-1000.0	-1000.0	-1000.0	0.1	0.001	1000.0	0.0	-10.0	-20.0	7.485331798839923e-15	-100.00000000000003	0.0	0.0	0.0	0.0	1000.0	1000.0	1000.0	1000.0
10100.0	10100.0	1.0	2.0	0.0	0.0	0.0	0.0	0.0	0.0	0.0	-7.485331798839923e-16	10.000000000000004	0.0	0.0	0.0	0.0	0.0	0.0	0.0	0.0	0.0	0.0	0.0	-1000.0	-1000.0	-1000.0	-1000.0	0.1	0.001	1000.0	0.0	-10.0	-20.0	7.485331798839923e-15	-100.00000000000003	0.0	0.0	0.0	0.0	1000.0	1000.0	1000.0	1000.0
10200.0	10200.0	1.0	2.0	0.0	0.0	0.0	0.0	0.0	0.0	0.0	-7.485331798839923e-16	10.000000000000004	0.0	0.0	0.0	0.0	0.0	0.0	0.0	0.0	0.0	0.0	0.0	-1000.0	-1000.0	-1000.0	-1000.0	0.1	0.001	1000.0	0.0	-10.0	-20.0	7.485331798839923e-15	-100.00000000000003	0.0	0.0	0.0	0.0	1000.0	1000.0	1000.0	1000.0
10300.0	10300.0	1.0	2.0	0.0	0.0	0.0	0.0	0.0	0.0	0.0	-7.485331798839923e-16	10.000000000000004	0.0	0.0	0.0	0.0	0.0	0.0	0.0	0.0	0.0	0.0	0.0	-1000.0	-1000.0	-1000.0	-1000.0	0.1	0.001	1000.0	0.0	-10.0	-20.0	7.485331798839923e-15	-100.00000000000003	0.0	0.0	0.0	0.0	1000.0	1000.0	1000.0	1000.0
10400.0	10400.0	1.0	2.0	0.0	0.0	0.0	0.0	0.0	0.0	0.0	-7.485331798839923e-16	10.000000000000004	0.0	0.0	0.0	0.0	0.0	0.0	0.0	0.0	0.0	0.0	0.0	-1000.0	-1000.0	-1000.0	-1000.0	0.1	0.001	1000.0	0.0	-10.0	-20.0	7.485331798839923e-15	-100.00000000000003	0.0	0.0	0.0	0.0	1000.0	1000.0	1000.0	1000.0
10500.0	10500.0	1.0	2.0	0.0	0.0	0.0	0.0	0.0	0.0	0.0	-7.485331798839923e-16	10.000000000000004	0.0	0.0	0.0	0.0	0.0	0.0	0.0	0.0	0.0	0.0	0.0	-1000.0	-1000.0	-1000.0	-1000.0	0.1	0.001	1000.0	0.0	-10.0	-20.0	7.485331798839923e-15	-100.00000000000003	0.0	0.0	0.0	0.0	1000.0	1000.0	1000.0	1000.0
10600.0	10600.0	1.0	2.0	0.0	0.0	0.0	0.0	0.0	0.0	0.0	-7.485331798839923e-16	10.000000000000004	0.0	0.0	0.0	0.0	0.0	0.0	0.0	0.0	0.0	0.0	0.0	-1000.0	-1000.0	-1000.0	-1000.0	0.1	0.001	1000.0	0.0	-10.0	-20.0	7.485331798839923e-15	-100.00000000000003	0.0	0.0	0.0	0.0	1000.0	1000.0	1000.0	1000.0
10700.0	10700.0	1.0	2.0	0.0	0.0	0.0	0.0	0.0	0.0	0.0	-7.485331798839923e-16	10.000000000000004	0.0	0.0	0.0	0.0	0.0	0.0	0.0	0.0	0.0	0.0	0.0	-1000.0	-1000.0	-1000.0	-1000.0	0.1	0.001	1000.0	0.0	-10.0	-20.0	7.485331798839923e-15	-100.00000000000003	0.0	0.0	0.0	0.0	1000.0	1000.0	1000.0	1000.0
10800.0	10800.0	1.0	2.0	0.0	0.0	0.0	0.0	0.0	0.0	0.0	-7.485331798839923e-16	10.000000000000004	0.0	0.0	0.0	0.0	0.0	0.0	0.0	0.0	0.0	0.0	0.0	-1000.0	-1000.0	-1000.0	-1000.0	0.1	0.001	1000.0	0.0	-10.0	-20.0	7.485331798839923e-15	-100.00000000000003	0.0	0.0	0.0	0.0	1000.0	1000.0	1000.0	1000.0
10900.0	10900.0	1.0	2.0	0.0	0.0	0.0	0.0	0.0	0.0	0.0	-7.485331798839923e-16	10.000000000000004	0.0	0.0	0.0	0.0	0.0	0.0	0.0	0.0	0.0	0.0	0.0	-1000.0	-1000.0	-1000.0	-1000.0	0.1	0.001	1000.0	0.0	-10.0	-20.0	7.485331798839923e-15	-100.00000000000003	0.0	0.0	0.0	0.0	1000.0	1000.0	1000.0	1000.0
11000.0	11000.0	1.0	2.0	0.0	0.0	0.0	0.0	0.0	0.0	0.0	-7.485331798839923e-16	10.000000000000004	0.0	0.0	0.0	0.0	0.0	0.0	0.0	0.0	0.0	0.0	0.0	-1000.0	-1000.0	-1000.0	-1000.0	0.1	0.001	1000.0	0.0	-10.0	-20.0	7.485331798839923e-15	-100.00000000000003	0.0	0.0	0.0	0.0	1000.0	1000.0	1000.0	1000.0
11100.0	11100.0	1.0	2.0	0.0	0.0	0.0	0.0	0.0	0.0	0.0	-7.485331798839923e-16	10.000000000000004	0.0	0.0	0.0	0.0	0.0	0.0	0.0	0.0	0.0	0.0	0.0	-1000.0	-1000.0	-1000.0	-1000.0	0.1	0.001	1000.0	0.0	-10.0	-20.0	7.485331798839923e-15	-100.00000000000003	0.0	0.0	0.0	0.0	1000.0	1000.0	1000.0	1000.0
11200.0	11200.0	1.0	2.0	0.0	0.0	0.0	0.0	0.0	0.0	0.0	-7.485331798839923e-16	10.000000000000004	0.0	0.0	0.0	0.0	0.0	0.0	0.0	0.0	0.0	0.0	0.0	-1000.0	-1000.0	-1000.0	-1000.0	0.1	0.001	1000.0	0.0	-10.0	-20.0	7.485331798839923e-15	-100.00000000000003	0.0	0.0	0.0	0.0	1000.0	1000.0	1000.0	1000.0
11300.0	11300.0	1.0	2.0	0.0	0.0	0.0	0.0	0.0	0.0	0.0	-7.485331798839923e-16	10.000000000000004	0.0	0.0	0.0	0.0	0.0	0.0	0.0	0.0	0.0	0.0	0.0	-1000.0	-1000.0	-1000.0	-1000.0	0.1	0.001	1000.0	0.0	-10.0	-20.0	7.485331798839923e-15	-100.00000000000003	0.0	0.0	0.0	0.0	1000.0	1000.0	1000.0	1000.0
11400.0	11400.0	1.0	2.0	0.0	0.0	0.0	0.0	0.0	0.0	0.0	-7.485331798839923e-16	10.000000000000004	0.0	0.0	0.0	0.0	0.0	0.0	0.0	0.0	0.0	0.0	0.0	-1000.0	-1000.0	-1000.0	-1000.0	0.1	0.001	1000.0	0.0	-10.0	-20.0	7.485331798839923e-15	-100.00000000000003	0.0	0.0	0.0	0.0	1000.0	1000.0	1000.0	1000.0
11500.0	11500.0	1.0	2.0	0.0	0.0	0.0	0.0	0.0	0.0	0.0	-7.485331798839923e-16	10.000000000000004	0.0	0.0	0.0	0.0	0.0	0.0	0.0	0.0	0.0	0.0	0.0	-1000.0	-1000.0	-1000.0	-1000.0	0.1	0.001	1000.0	0.0	-10.0	-20.0	7.485331798839923e-15	-100.00000000000003	0.0	0.0	0.0	0.0	1000.0	1000.0	1000.0	1000.0
11600.0	11600.0	1.0	2.0	0.0	0.0	0.0	0.0	0.0	0.0	0.0	-7.485331798839923e-16	10.000000000000004	0.0	0.0	0.0	0.0	0.0	0.0	0.0	0.0	0.0	0.0	0.0	-1000.0	-1000.0	-1000.0	-1000.0	0.1	0.001	1000.0	0.0	-10.0	-20.0	7.485331798839923e-15	-100.00000000000003	0.0	0.0	0.0	0.0	1000.0	1000.0	1000.0	1000.0
11700.0	11700.0	1.0	2.0	0.0	0.0	0.0	0.0	0.0	0.0	0.0	-7.485331798839923e-16	10.000000000000004	0.0	0.0	0.0	0.0	0.0	0.0	0.0	0.0	0.0	0.0	0.0	-1000.0	-1000.0	-1000.0	-1000.0	0.1	0.001	1000.0	0.0	-10.0	-20.0	7.485331798839923e-15	-100.00000000000003	0.0	0.0	0.0	0.0	1000.0	1000.0	1000.0	1000.0
11800.0	11800.0	1.0	2.0	0.0	0.0	0.0	0.0	0.0	0.0	0.0	-7.485331798839923e-16	10.000000000000004	0.0	0.0	0.0	0.0	0.0	0.0	0.0	0.0	0.0	0.0	0.0	-1000.0	-1000.0	-1000.0	-1000.0	0.1	0.001	1000.0	0.0	-10.0	-20.0	7.485331798839923e-15	-100.00000000000003	0.0	0.0	0.0	0.0	1000.0	1000.0	1000.0	1000.0
11900.0	11900.0	1.0	2.0	0.0	0.0	0.0	0.0	0.0	0.0	0.0	-7.485331798839923e-16	10.000000000000004	0.0	0.0	0.0	0.0	0.0	0.0	0.0	0.0	0.0	0.0	0.0	-1000.0	-1000.0	-1000.0	-1000.0	0.1	0.001	1000.0	0.0	-10.0	-20.0	7.485331798839923e-15	-100.00000000000003	0.0	0.0	0.0	0.0	1000.0	1000.0	1000.0	1000.0
12000.0	12000.0	1.0	2.0	0.0	0.0	0.0	0.0	0.0	0.0	0.0	-7.485331798839923e-16	10.000000000000004	0.0	0.0	0.0	0.0	0.0	0.0	0.0	0.0	0.0	0.0	0.0	-1000.0	-1000.0	-1000.0	-1000.0	0.1	0.001	1000.0	0.0	-10.0	-20.0	7.485331798839923e-15	-100.00000000000003	0.0	0.0	0.0	0.0	1000.0	1000.0	1000.0	1000.0
12100.0	12100.0	1.0	2.0	0.0	0.0	0.0	0.0	0.0	0.0	0.0	-7.485331798839923e-16	10.000000000000004	0.0	0.0	0.0	0.0	0.0	0.0	0.0	0.0	0.0	0.0	0.0	-1000.0	-1000.0	-1000.0	-1000.0	0.1	0.001	1000.0	0.0	-10.0	-20.0	7.485331798839923e-15	-100.00000000000003	0.0	0.0	0.0	0.0	1000.0	1000.0	1000.0	1000.0
12200.0	12200.0	1.0	2.0	0.0	0.0	0.0	0.0	0.0	0.0	0.0	-7.485331798839923e-16	10.000000000000004	0.0	0.0	0.0	0.0	0.0	0.0	0.0	0.0	0.0	0.0	0.0	-1000.0	-1000.0	-1000.0	-1000.0	0.1	0.001	1000.0	0.0	-10.0	-20.0	7.485331798839923e-15	-100.00000000000003	0.0	0.0	0.0	0.0	1000.0	1000.0	1000.0	1000.0
12300.0	12300.0	1.0	2.0	0.0	0.0	0.0	0.0	0.0	0.0	0.0	-7.485331798839923e-16	10.000000000000004	0.0	0.0	0.0	0.0	0.0	0.0	0.0	0.0	0.0	0.0	0.0	-1000.0	-1000.0	-1000.0	-1000.0	0.1	0.001	1000.0	0.0	-10.0	-20.0	7.485331798839923e-15	-100.00000000000003	0.0	0.0	0.0	0.0	1000.0	1000.0	1000.0	1000.0
12400.0	12400.0	1.0	2.0	0.0	0.0	0.0	0.0	0.0	0.0	0.0	-7.485331798839923e-16	10.000000000000004	0.0	0.0	0.0	0.0	0.0	0.0	0.0	0.0	0.0	0.0	0.0	-1000.0	-1000.0	-1000.0	-1000.0	0.1	0.001	1000.0	0.0	-10.0	-20.0	7.485331798839923e-15	-100.00000000000003	0.0	0.0	0.0	0.0	1000.0	1000.0	1000.0	1000.0
12500.0	12500.0	1.0	2.0	0.0	0.0	0.0	0.0	0.0	0.0	0.0	-7.485331798839923e-16	10.000000000000004	0.0	0.0	0.0	0.0	0.0	0.0	0.0	0.0	0.0	0.0	0.0	-1000.0	-1000.0	-1000.0	-1000.0	0.1	0.001	1000.0	0.0	-10.0	-20.0	7.485331798839923e-15	-100.00000000000003	0.0	0.0	0.0	0.0	1000.0	1000.0	1000.0	1000.0
12600.0	12600.0	1.0	2.0	0.0	0.0	0.0	0.0	0.0	0.0	0.0	-7.485331798839923e-16	10.000000000000004	0.0	0.0	0.0	0.0	0.0	0.0	0.0	0.0	0.0	0.0	0.0	-1000.0	-1000.0	-1000.0	-1000.0	0.1	0.001	1000.0	0.0	-10.0	-20.0	7.485331798839923e-15	-100.00000000000003	0.0	0.0	0.0	0.0	1000.0	1000.0	1000.0	1000.0
12700.0	12700.0	1.0	2.0	0.0	0.0	0.0	0.0	0.0	0.0	0.0	-7.485331798839923e-16	10.000000000000004	0.0	0.0	0.0	0.0	0.0	0.0	0.0	0.0	0.0	0.0	0.0	-1000.0	-1000.0	-1000.0	-1000.0	0.1	0.001	1000.0	0.0	-10.0	-20.0	7.485331798839923e-15	-100.00000000000003	0.0	0.0	0.0	0.0	1000.0	1000.0	1000.0	1000.0
12800.0	12800.0	1.0	2.0	0.0	0.0	0.0	0.0	0.0	0.0	0.0	-7.485331798839923e-16	10.000000000000004	0.0	0.0	0.0	0.0	0.0	0.0	0.0	0.0	0.0	0.0	0.0	-1000.0	-1000.0	-1000.0	-1000.0	0.1	0.001	1000.0	0.0	-10.0	-20.0	7.485331798839923e-15	-100.00000000000003	0.0	0.0	0.0	0.0	1000.0	1000.0	1000.0	1000.0
12900.0	12900.0	1.0	2.0	0.0	0.0	0.0	0.0	0.0	0.0	0.0	-7.485331798839923e-16	10.000000000000004	0.0	0.0	0.0	0.0	0.0	0.0	0.0	0.0	0.0	0.0	0.0	-1000.0	-1000.0	-1000.0	-1000.0	0.1	0.001	1000.0	0.0	-10.0	-20.0	7.485331798839923e-15	-100.00000000000003	0.0	0.0	0.0	0.0	1000.0	1000.0	1000.0	1000.0
13000.0	13000.0	1.0	2.0	0.0	0.0	0.0	0.0	0.0	0.0	0.0	-7.485331798839923e-16	10.000000000000004	0.0	0.0	0.0	0.0	0.0	0.0	0.0	0.0	0.0	0.0	0.0	-1000.0	-1000.0	-1000.0	-1000.0	0.1	0.001	1000.0	0.0	-10.0	-20.0	7.485331798839923e-15	-100.00000000000003	0.0	0.0	0.0	0.0	1000.0	1000.0	1000.0	1000.0
13100.0	13100.0	1.0	2.0	0.0	0.0	0.0	0.0	0.0	0.0	0.0	-7.485331798839923e-16	10.000000000000004	0.0	0.0	0.0	0.0	0.0	0.0	0.0	0.0	0.0	0.0	0.0	-1000.0	-1000.0	-1000.0	-1000.0	0.1	0.001	1000.0	0.0	-10.0	-20.0	7.485331798839923e-15	-100.00000000000003	0.0	0.0	0.0	0.0	1000.0	1000.0	1000.0	1000.0
13200.0	13200.0	1.0	2.0	0.0	0.0	0.0	0.0	0.0	0.0	0.0	-7.485331798839923e-16	10.000000000000004	0.0	0.0	0.0	0.0	0.0	0.0	0.0	0.0	0.0	0.0	0.0	-1000.0	-1000.0	-1000.0	-1000.0	0.1	0.001	1000.0	0.0	-10.0	-20.0	7.485331798839923e-15	-100.00000000000003	0.0	0.0	0.0	0.0	1000.0	1000.0	1000.0	1000.0
13300.0	13300.0	1.0	2.0	0.0	0.0	0.0	0.0	0.0	0.0	0.0	-7.485331798839923e-16	10.000000000000004	0.0	0.0	0.0	0.0	0.0	0.0	0.0	0.0	0.0	0.0	0.0	-1000.0	-1000.0	-1000.0	-1000.0	0.1	0.001	1000.0	0.0	-10.0	-20.0	7.485331798839923e-15	-100.00000000000003	0.0	0.0	0.0	0.0	1000.0	1000.0	1000.0	1000.0
13400.0	13400.0	1.0	2.0	0.0	0.0	0.0	0.0	0.0	0.0	0.0	-7.485331798839923e-16	10.000000000000004	0.0	0.0	0.0	0.0	0.0	0.0	0.0	0.0	0.0	0.0	0.0	-1000.0	-1000.0	-1000.0	-1000.0	0.1	0.001	1000.0	0.0	-10.0	-20.0	7.485331798839923e-15	-100.00000000000003	0.0	0.0	0.0	0.0	1000.0	1000.0	1000.0	1000.0
13500.0	13500.0	1.0	2.0	0.0	0.0	0.0	0.0	0.0	0.0	0.0	-7.485331798839923e-16	10.000000000000004	0.0	0.0	0.0	0.0	0.0	0.0	0.0	0.0	0.0	0.0	0.0	-1000.0	-1000.0	-1000.0	-1000.0	0.1	0.001	1000.0	0.0	-10.0	-20.0	7.485331798839923e-15	-100.00000000000003	0.0	0.0	0.0	0.0	1000.0	1000.0	1000.0	1000.0
13600.0	13600.0	1.0	2.0	0.0	0.0	0.0	0.0	0.0	0.0	0.0	-7.485331798839923e-16	10.000000000000004	0.0	0.0	0.0	0.0	0.0	0.0	0.0	0.0	0.0	0.0	0.0	-1000.0	-1000.0	-1000.0	-1000.0	0.1	0.001	1000.0	0.0	-10.0	-20.0	7.485331798839923e-15	-100.00000000000003	0.0	0.0	0.0	0.0	1000.0	1000.0	1000.0	1000.0
13700.0	13700.0	1.0	2.0	0.0	0.0	0.0	0.0	0.0	0.0	0.0	-7.485331798839923e-16	10.000000000000004	0.0	0.0	0.0	0.0	0.0	0.0	0.0	0.0	0.0	0.0	0.0	-1000.0	-1000.0	-1000.0	-1000.0	0.1	0.001	1000.0	0.0	-10.0	-20.0	7.485331798839923e-15	-100.00000000000003	0.0	0.0	0.0	0.0	1000.0	1000.0	1000.0	1000.0
13800.0	13800.0	1.0	2.0	0.0	0.0	0.0	0.0	0.0	0.0	0.0	-7.485331798839923e-16	10.000000000000004	0.0	0.0	0.0	0.0	0.0	0.0	0.0	0.0	0.0	0.0	0.0	-1000.0	-1000.0	-1000.0	-1000.0	0.1	0.001	1000.0	0.0	-10.0	-20.0	7.485331798839923e-15	-100.00000000000003	0.0	0.0	0.0	0.0	1000.0	1000.0	1000.0	1000.0
13900.0	13900.0	1.0	2.0	0.0	0.0	0.0	0.0	0.0	0.0	0.0	-7.485331798839923e-16	10.000000000000004	0.0	0.0	0.0	0.0	0.0	0.0	0.0	0.0	0.0	0.0	0.0	-1000.0	-1000.0	-1000.0	-1000.0	0.1	0.001	1000.0	0.0	-10.0	-20.0	7.485331798839923e-15	-100.00000000000003	0.0	0.0	0.0	0.0	1000.0	1000.0	1000.0	1000.0
14000.0	14000.0	1.0	2.0	0.0	0.0	0.0	0.0	0.0	0.0	0.0	-7.485331798839923e-16	10.000000000000004	0.0	0.0	0.0	0.0	0.0	0.0	0.0	0.0	0.0	0.0	0.0	-1000.0	-1000.0	-1000.0	-1000.0	0.1	0.001	1000.0	0.0	-10.0	-20.0	7.485331798839923e-15	-100.00000000000003	0.0	0.0	0.0	0.0	1000.0	1000.0	1000.0	1000.0
