	time	[adp]	[atp]	[dummy_S]	[fba__adp]	[fba__atp]	[fba__fru16bp]	[fba__glc]	[fba__pg2]	[fba__pyr]	[glc]	[pyr]	EX_adp	EX_atp	EX_glc	EX_pyr	RATP	fba__R1	fba__R2	fba__R3	update__update_adp	update__update_atp	update__update_glc	update__update_pyr	Vmax_RATP	atp_tot	bounds__lb_EX_adp_fba	bounds__lb_EX_atp_fba	bounds__lb_EX_glc_fba	bounds__lb_EX_pyr_fba	bounds__ub_EX_adp_fba	bounds__ub_EX_atp_fba	bounds__ub_EX_glc_fba	bounds__ub_EX_pyr_fba	c3_tot	dt	fba__ub_R3	fba__ub_default	fba__zero	k_RATP	lb_EX_adp	lb_EX_atp	lb_EX_glc	lb_EX_pyr	pEX_adp	pEX_atp	pEX_glc	pEX_pyr	ub_EX_adp	ub_EX_atp	ub_EX_glc	ub_EX_pyr
0.0	0.0	1.0	2.0	0.0	0.0	0.0	0.0	0.0	0.0	0.0	5.0	0.0	-1.0	1.0	-0.5	1.0	0.9523809523809523	0.5	0.5	1.0	1.0	-1.0	0.5	-1.0	1.0	3.0	-1000.0	-1000.0	-1000.0	-1000.0	1000.0	1000.0	1000.0	1000.0	10.0	0.1	1.0	1000.0	0.0	0.1	-10.0	-20.0	-50.0	-0.0	-1.0	1.0	-0.5	1.0	1000.0	1000.0	1000.0	1000.0
0.1	0.1	0.9952434820151336	2.004756517984865	0.0	0.0	0.0	0.0	0.0	0.0	0.0	4.950000000000004	0.1	-1.0	1.0	-0.5	1.0	0.9524885661854408	0.5	0.5	1.0	1.0	-1.0	0.5	-1.0	1.0	2.9999999999999987	-1000.0	-1000.0	-1000.0	-1000.0	1000.0	1000.0	1000.0	1000.0	10.000000000000007	0.1	1.0	1000.0	0.0	0.1	-9.952434820151336	-20.04756517984865	-49.500000000000036	-1.0	-1.0	1.0	-0.5	1.0	1000.0	1000.0	1000.0	1000.0
0.2	0.2	0.9904976890272098	2.0095023109727905	0.0	0.0	0.0	0.0	0.0	0.0	0.0	4.899999999999999	0.2	-1.0	1.0	-0.5	1.0	0.9525954536859998	0.5	0.5	1.0	1.0	-1.0	0.5	-1.0	1.0	3.0000000000000004	-1000.0	-1000.0	-1000.0	-1000.0	1000.0	1000.0	1000.0	1000.0	9.999999999999996	0.1	1.0	1000.0	0.0	0.1	-9.904976890272097	-20.095023109727904	-48.999999999999986	-2.0	-1.0	1.0	-0.5	1.0	1000.0	1000.0	1000.0	1000.0
0.30000000000000004	0.30000000000000004	0.9857625488135624	2.014237451186438	0.0	0.0	0.0	0.0	0.0	0.0	0.0	4.849999999999999	0.30000000000000004	-1.0	1.0	-0.5	1.0	0.9527016230159562	0.5	0.5	1.0	1.0	-1.0	0.5	-1.0	1.0	3.0000000000000004	-1000.0	-1000.0	-1000.0	-1000.0	1000.0	1000.0	1000.0	1000.0	9.999999999999998	0.1	1.0	1000.0	0.0	0.1	-9.857625488135623	-20.14237451186438	-48.499999999999986	-3.0000000000000004	-1.0	1.0	-0.5	1.0	1000.0	1000.0	1000.0	1000.0
0.4	0.4	0.9810379899584988	2.0189620100415024	0.0	0.0	0.0	0.0	0.0	0.0	0.0	4.8	0.4	-1.0	1.0	-0.5	1.0	0.9528070821816945	0.5	0.5	1.0	1.0	-1.0	0.5	-1.0	1.0	3.0000000000000013	-1000.0	-1000.0	-1000.0	-1000.0	1000.0	1000.0	1000.0	1000.0	10.0	0.1	1.0	1000.0	0.0	0.1	-9.810379899584987	-20.189620100415024	-47.99999999999999	-4.0	-1.0	1.0	-0.5	1.0	1000.0	1000.0	1000.0	1000.0
0.5	0.5	0.9763239418407229	2.0236760581592796	0.0	0.0	0.0	0.0	0.0	0.0	0.0	4.75	0.5	-1.0	1.0	-0.5	1.0	0.9529118390651933	0.5	0.5	1.0	1.0	-1.0	0.5	-1.0	1.0	3.0000000000000027	-1000.0	-1000.0	-1000.0	-1000.0	1000.0	1000.0	1000.0	1000.0	10.0	0.1	1.0	1000.0	0.0	0.1	-9.76323941840723	-20.236760581592794	-47.5	-5.0	-1.0	1.0	-0.5	1.0	1000.0	1000.0	1000.0	1000.0
0.6000000000000001	0.6000000000000001	0.9716203346210197	2.0283796653789845	0.0	0.0	0.0	0.0	0.0	0.0	0.0	4.699999999999999	0.6	-1.0	1.0	-0.5	1.0	0.9530159014264996	0.5	0.5	1.0	1.0	-1.0	0.5	-1.0	1.0	3.0000000000000044	-1000.0	-1000.0	-1000.0	-1000.0	1000.0	1000.0	1000.0	1000.0	9.999999999999998	0.1	1.0	1000.0	0.0	0.1	-9.716203346210197	-20.283796653789842	-46.99999999999999	-5.999999999999999	-1.0	1.0	-0.5	1.0	1000.0	1000.0	1000.0	1000.0
0.7000000000000001	0.7000000000000001	0.9669270992301823	2.0330729007698225	0.0	0.0	0.0	0.0	0.0	0.0	0.0	4.650000000000004	0.7	-1.0	1.0	-0.5	1.0	0.9531192769061432	0.5	0.5	1.0	1.0	-1.0	0.5	-1.0	1.0	3.000000000000005	-1000.0	-1000.0	-1000.0	-1000.0	1000.0	1000.0	1000.0	1000.0	10.000000000000007	0.1	1.0	1000.0	0.0	0.1	-9.669270992301822	-20.330729007698224	-46.500000000000036	-6.999999999999999	-1.0	1.0	-0.5	1.0	1000.0	1000.0	1000.0	1000.0
0.8	0.8	0.9622441673571803	2.0377558326428247	0.0	0.0	0.0	0.0	0.0	0.0	0.0	4.600000000000004	0.7999999999999999	-1.0	1.0	-0.5	1.0	0.953221973027493	0.5	0.5	1.0	1.0	-1.0	0.5	-1.0	1.0	3.000000000000005	-1000.0	-1000.0	-1000.0	-1000.0	1000.0	1000.0	1000.0	1000.0	10.000000000000009	0.1	1.0	1000.0	0.0	0.1	-9.622441673571803	-20.377558326428247	-46.000000000000036	-7.999999999999999	-1.0	1.0	-0.5	1.0	1000.0	1000.0	1000.0	1000.0
0.9	0.9	0.9575714714375576	2.042428528562449	0.0	0.0	0.0	0.0	0.0	0.0	0.0	4.550000000000008	0.8999999999999999	-1.0	1.0	-0.5	1.0	0.9533239971990575	0.5	0.5	1.0	1.0	-1.0	0.5	-1.0	1.0	3.0000000000000067	-1000.0	-1000.0	-1000.0	-1000.0	1000.0	1000.0	1000.0	1000.0	10.000000000000016	0.1	1.0	1000.0	0.0	0.1	-9.575714714375575	-20.42428528562449	-45.50000000000008	-8.999999999999998	-1.0	1.0	-0.5	1.0	1000.0	1000.0	1000.0	1000.0
1.0	1.0	0.9529089446420594	2.047091055357948	0.0	0.0	0.0	0.0	0.0	0.0	0.0	4.500000000000007	0.9999999999999999	-1.0	1.0	-0.5	1.0	0.9534253567167281	0.5	0.5	1.0	1.0	-1.0	0.5	-1.0	1.0	3.0000000000000075	-1000.0	-1000.0	-1000.0	-1000.0	1000.0	1000.0	1000.0	1000.0	10.000000000000014	0.1	1.0	1000.0	0.0	0.1	-9.529089446420594	-20.47091055357948	-45.00000000000007	-9.999999999999998	-1.0	1.0	-0.5	1.0	1000.0	1000.0	1000.0	1000.0
1.1	1.1	0.9482565208654817	2.0517434791345264	0.0	0.0	0.0	0.0	0.0	0.0	0.0	4.450000000000009	1.0999999999999999	-1.0	1.0	-0.5	1.0	0.9535260587659724	0.5	0.5	1.0	1.0	-1.0	0.5	-1.0	1.0	3.000000000000008	-1000.0	-1000.0	-1000.0	-1000.0	1000.0	1000.0	1000.0	1000.0	10.000000000000018	0.1	1.0	1000.0	0.0	0.1	-9.482565208654817	-20.517434791345263	-44.500000000000085	-10.999999999999998	-1.0	1.0	-0.5	1.0	1000.0	1000.0	1000.0	1000.0
1.2000000000000002	1.2000000000000002	0.9436141347157339	2.0563858652842737	0.0	0.0	0.0	0.0	0.0	0.0	0.0	4.400000000000006	1.2	-1.0	1.0	-0.5	1.0	0.9536261104239722	0.5	0.5	1.0	1.0	-1.0	0.5	-1.0	1.0	3.0000000000000075	-1000.0	-1000.0	-1000.0	-1000.0	1000.0	1000.0	1000.0	1000.0	10.00000000000001	0.1	1.0	1000.0	0.0	0.1	-9.436141347157339	-20.563858652842736	-44.00000000000006	-11.999999999999998	-1.0	1.0	-0.5	1.0	1000.0	1000.0	1000.0	1000.0
1.3	1.3	0.9389817215031174	2.0610182784968885	0.0	0.0	0.0	0.0	0.0	0.0	0.0	4.350000000000002	1.3	-1.0	1.0	-0.5	1.0	0.9537255186617136	0.5	0.5	1.0	1.0	-1.0	0.5	-1.0	1.0	3.0000000000000058	-1000.0	-1000.0	-1000.0	-1000.0	1000.0	1000.0	1000.0	1000.0	10.000000000000005	0.1	1.0	1000.0	0.0	0.1	-9.389817215031174	-20.610182784968885	-43.50000000000002	-13.0	-1.0	1.0	-0.5	1.0	1000.0	1000.0	1000.0	1000.0
1.4000000000000001	1.4000000000000001	0.934359217229808	2.0656407827701972	0.0	0.0	0.0	0.0	0.0	0.0	0.0	4.300000000000004	1.4000000000000001	-1.0	1.0	-0.5	1.0	0.9538242903460267	0.5	0.5	1.0	1.0	-1.0	0.5	-1.0	1.0	3.0000000000000053	-1000.0	-1000.0	-1000.0	-1000.0	1000.0	1000.0	1000.0	1000.0	10.000000000000009	0.1	1.0	1000.0	0.0	0.1	-9.343592172298079	-20.656407827701972	-43.00000000000004	-14.0	-1.0	1.0	-0.5	1.0	1000.0	1000.0	1000.0	1000.0
1.5	1.5	0.9297465585795399	2.0702534414204647	0.0	0.0	0.0	0.0	0.0	0.0	0.0	4.250000000000003	1.5000000000000002	-1.0	1.0	-0.5	1.0	0.9539224322415779	0.5	0.5	1.0	1.0	-1.0	0.5	-1.0	1.0	3.0000000000000044	-1000.0	-1000.0	-1000.0	-1000.0	1000.0	1000.0	1000.0	1000.0	10.000000000000005	0.1	1.0	1000.0	0.0	0.1	-9.297465585795399	-20.702534414204646	-42.50000000000002	-15.000000000000002	-1.0	1.0	-0.5	1.0	1000.0	1000.0	1000.0	1000.0
1.6	1.6	0.9251436829074865	2.0748563170925154	0.0	0.0	0.0	0.0	0.0	0.0	0.0	4.200000000000002	1.6000000000000003	-1.0	1.0	-0.5	1.0	0.9540199510128161	0.5	0.5	1.0	1.0	-1.0	0.5	-1.0	1.0	3.0000000000000018	-1000.0	-1000.0	-1000.0	-1000.0	1000.0	1000.0	1000.0	1000.0	10.000000000000004	0.1	1.0	1000.0	0.0	0.1	-9.251436829074864	-20.748563170925152	-42.000000000000014	-16.000000000000004	-1.0	1.0	-0.5	1.0	1000.0	1000.0	1000.0	1000.0
1.7000000000000002	1.7000000000000002	0.9205505282303351	2.0794494717696663	0.0	0.0	0.0	0.0	0.0	0.0	0.0	4.150000000000003	1.7000000000000004	-1.0	1.0	-0.5	1.0	0.9541168532258735	0.5	0.5	1.0	1.0	-1.0	0.5	-1.0	1.0	3.0000000000000013	-1000.0	-1000.0	-1000.0	-1000.0	1000.0	1000.0	1000.0	1000.0	10.000000000000007	0.1	1.0	1000.0	0.0	0.1	-9.205505282303351	-20.79449471769666	-41.50000000000003	-17.000000000000004	-1.0	1.0	-0.5	1.0	1000.0	1000.0	1000.0	1000.0
1.8	1.8	0.9159670332165474	2.0840329667834543	0.0	0.0	0.0	0.0	0.0	0.0	0.0	4.100000000000008	1.8000000000000005	-1.0	1.0	-0.5	1.0	0.9542131453504222	0.5	0.5	1.0	1.0	-1.0	0.5	-1.0	1.0	3.0000000000000018	-1000.0	-1000.0	-1000.0	-1000.0	1000.0	1000.0	1000.0	1000.0	10.000000000000016	0.1	1.0	1000.0	0.0	0.1	-9.159670332165474	-20.840329667834542	-41.00000000000007	-18.000000000000004	-1.0	1.0	-0.5	1.0	1000.0	1000.0	1000.0	1000.0
1.9000000000000001	1.9000000000000001	0.9113931371768049	2.0886068628231955	0.0	0.0	0.0	0.0	0.0	0.0	0.0	4.050000000000006	1.9000000000000006	-1.0	1.0	-0.5	1.0	0.9543088337614892	0.5	0.5	1.0	1.0	-1.0	0.5	-1.0	1.0	3.0000000000000004	-1000.0	-1000.0	-1000.0	-1000.0	1000.0	1000.0	1000.0	1000.0	10.000000000000012	0.1	1.0	1000.0	0.0	0.1	-9.113931371768048	-20.886068628231953	-40.50000000000006	-19.000000000000004	-1.0	1.0	-0.5	1.0	1000.0	1000.0	1000.0	1000.0
2.0	2.0	0.906828780054635	2.0931712199453636	0.0	0.0	0.0	0.0	0.0	0.0	0.0	4.000000000000007	2.0000000000000004	-1.0	1.0	-0.5	1.0	0.9544039247412287	0.5	0.5	1.0	1.0	-1.0	0.5	-1.0	1.0	2.9999999999999987	-1000.0	-1000.0	-1000.0	-1000.0	1000.0	1000.0	1000.0	1000.0	10.000000000000014	0.1	1.0	1000.0	0.0	0.1	-9.068287800546349	-20.931712199453635	-40.00000000000007	-20.000000000000004	-1.0	1.0	-0.5	1.0	1000.0	1000.0	1000.0	1000.0
2.1	2.1	0.902273902417207	2.097726097582789	0.0	0.0	0.0	0.0	0.0	0.0	0.0	3.9500000000000077	2.1000000000000005	-1.0	1.0	-0.5	1.0	0.9544984244806544	0.5	0.5	1.0	1.0	-1.0	0.5	-1.0	1.0	2.999999999999996	-1000.0	-1000.0	-1000.0	-1000.0	1000.0	1000.0	1000.0	1000.0	10.000000000000016	0.1	1.0	1000.0	0.0	0.1	-9.022739024172068	-20.97726097582789	-39.50000000000008	-21.000000000000004	-1.0	1.0	-0.5	1.0	1000.0	1000.0	1000.0	1000.0
2.2	2.2	0.8977284454463073	2.1022715545536883	0.0	0.0	0.0	0.0	0.0	0.0	0.0	3.9000000000000075	2.2000000000000006	-1.0	1.0	-0.5	1.0	0.9545923390813328	0.5	0.5	1.0	1.0	-1.0	0.5	-1.0	1.0	2.9999999999999956	-1000.0	-1000.0	-1000.0	-1000.0	1000.0	1000.0	1000.0	1000.0	10.000000000000016	0.1	1.0	1000.0	0.0	0.1	-8.977284454463073	-21.022715545536883	-39.00000000000007	-22.000000000000004	-1.0	1.0	-0.5	1.0	1000.0	1000.0	1000.0	1000.0
2.3000000000000003	2.3000000000000003	0.8931923509294741	2.1068076490705208	0.0	0.0	0.0	0.0	0.0	0.0	0.0	3.850000000000006	2.3000000000000007	-1.0	1.0	-0.5	1.0	0.9546856745570377	0.5	0.5	1.0	1.0	-1.0	0.5	-1.0	1.0	2.9999999999999947	-1000.0	-1000.0	-1000.0	-1000.0	1000.0	1000.0	1000.0	1000.0	10.000000000000012	0.1	1.0	1000.0	0.0	0.1	-8.93192350929474	-21.068076490705206	-38.50000000000006	-23.000000000000007	-1.0	1.0	-0.5	1.0	1000.0	1000.0	1000.0	1000.0
2.4000000000000004	2.4000000000000004	0.8886655612513014	2.1113344387486923	0.0	0.0	0.0	0.0	0.0	0.0	0.0	3.800000000000006	2.400000000000001	-1.0	1.0	-0.5	1.0	0.954778436835368	0.5	0.5	1.0	1.0	-1.0	0.5	-1.0	1.0	2.999999999999994	-1000.0	-1000.0	-1000.0	-1000.0	1000.0	1000.0	1000.0	1000.0	10.000000000000012	0.1	1.0	1000.0	0.0	0.1	-8.886655612513014	-21.113344387486922	-38.00000000000006	-24.000000000000007	-1.0	1.0	-0.5	1.0	1000.0	1000.0	1000.0	1000.0
2.5	2.5	0.884148019384901	2.1158519806150937	0.0	0.0	0.0	0.0	0.0	0.0	0.0	3.7500000000000036	2.500000000000001	-1.0	1.0	-0.5	1.0	0.9548706317593284	0.5	0.5	1.0	1.0	-1.0	0.5	-1.0	1.0	2.9999999999999947	-1000.0	-1000.0	-1000.0	-1000.0	1000.0	1000.0	1000.0	1000.0	10.000000000000007	0.1	1.0	1000.0	0.0	0.1	-8.841480193849009	-21.158519806150935	-37.500000000000036	-25.000000000000007	-1.0	1.0	-0.5	1.0	1000.0	1000.0	1000.0	1000.0
2.6	2.6	0.8796396688835194	2.120360331116476	0.0	0.0	0.0	0.0	0.0	0.0	0.0	3.7000000000000037	2.600000000000001	-1.0	1.0	-0.5	1.0	0.9549622650888757	0.5	0.5	1.0	1.0	-1.0	0.5	-1.0	1.0	2.999999999999995	-1000.0	-1000.0	-1000.0	-1000.0	1000.0	1000.0	1000.0	1000.0	10.000000000000009	0.1	1.0	1000.0	0.0	0.1	-8.796396688835193	-21.203603311164755	-37.000000000000036	-26.000000000000007	-1.0	1.0	-0.5	1.0	1000.0	1000.0	1000.0	1000.0
2.7	2.7	0.8751404538723099	2.1248595461276847	0.0	0.0	0.0	0.0	0.0	0.0	0.0	3.6500000000000075	2.700000000000001	-1.0	1.0	-0.5	1.0	0.95505334250243	0.5	0.5	1.0	1.0	-1.0	0.5	-1.0	1.0	2.9999999999999947	-1000.0	-1000.0	-1000.0	-1000.0	1000.0	1000.0	1000.0	1000.0	10.000000000000016	0.1	1.0	1000.0	0.0	0.1	-8.751404538723099	-21.248595461276846	-36.50000000000007	-27.00000000000001	-1.0	1.0	-0.5	1.0	1000.0	1000.0	1000.0	1000.0
2.8000000000000003	2.8000000000000003	0.8706503190402514	2.1293496809597428	0.0	0.0	0.0	0.0	0.0	0.0	0.0	3.6000000000000076	2.800000000000001	-1.0	1.0	-0.5	1.0	0.9551438695983531	0.5	0.5	1.0	1.0	-1.0	0.5	-1.0	1.0	2.9999999999999942	-1000.0	-1000.0	-1000.0	-1000.0	1000.0	1000.0	1000.0	1000.0	10.000000000000016	0.1	1.0	1000.0	0.0	0.1	-8.706503190402513	-21.293496809597425	-36.00000000000007	-28.00000000000001	-1.0	1.0	-0.5	1.0	1000.0	1000.0	1000.0	1000.0
2.9000000000000004	2.9000000000000004	0.866169209632218	2.1338307903677767	0.0	0.0	0.0	0.0	0.0	0.0	0.0	3.5500000000000083	2.9000000000000012	-1.0	1.0	-0.5	1.0	0.9552338518963935	0.5	0.5	1.0	1.0	-1.0	0.5	-1.0	1.0	2.9999999999999947	-1000.0	-1000.0	-1000.0	-1000.0	1000.0	1000.0	1000.0	1000.0	10.000000000000018	0.1	1.0	1000.0	0.0	0.1	-8.661692096322179	-21.338307903677766	-35.50000000000008	-29.00000000000001	-1.0	1.0	-0.5	1.0	1000.0	1000.0	1000.0	1000.0
3.0	3.0	0.861697071441187	2.1383029285588093	0.0	0.0	0.0	0.0	0.0	0.0	0.0	3.5000000000000044	3.0000000000000013	-1.0	1.0	-0.5	1.0	0.9553232948391004	0.5	0.5	1.0	1.0	-1.0	0.5	-1.0	1.0	2.9999999999999964	-1000.0	-1000.0	-1000.0	-1000.0	1000.0	1000.0	1000.0	1000.0	10.00000000000001	0.1	1.0	1000.0	0.0	0.1	-8.61697071441187	-21.38302928558809	-35.00000000000004	-30.00000000000001	-1.0	1.0	-0.5	1.0	1000.0	1000.0	1000.0	1000.0
3.1	3.1	0.8572338508005874	2.1427661491994074	0.0	0.0	0.0	0.0	0.0	0.0	0.0	3.4500000000000055	3.1000000000000014	-1.0	1.0	-0.5	1.0	0.9554122037932057	0.5	0.5	1.0	1.0	-1.0	0.5	-1.0	1.0	2.9999999999999947	-1000.0	-1000.0	-1000.0	-1000.0	1000.0	1000.0	1000.0	1000.0	10.000000000000012	0.1	1.0	1000.0	0.0	0.1	-8.572338508005874	-21.427661491994073	-34.50000000000005	-31.000000000000014	-1.0	1.0	-0.5	1.0	1000.0	1000.0	1000.0	1000.0
3.2	3.2	0.8527794945767875	2.147220505423206	0.0	0.0	0.0	0.0	0.0	0.0	0.0	3.4000000000000057	3.2000000000000015	-1.0	1.0	-0.5	1.0	0.9555005840509774	0.5	0.5	1.0	1.0	-1.0	0.5	-1.0	1.0	2.9999999999999933	-1000.0	-1000.0	-1000.0	-1000.0	1000.0	1000.0	1000.0	1000.0	10.000000000000012	0.1	1.0	1000.0	0.0	0.1	-8.527794945767875	-21.472205054232056	-34.00000000000006	-32.000000000000014	-1.0	1.0	-0.5	1.0	1000.0	1000.0	1000.0	1000.0
3.3000000000000003	3.3000000000000003	0.8483339501617152	2.1516660498382785	0.0	0.0	0.0	0.0	0.0	0.0	0.0	3.3500000000000068	3.3000000000000016	-1.0	1.0	-0.5	1.0	0.9555884408315424	0.5	0.5	1.0	1.0	-1.0	0.5	-1.0	1.0	2.999999999999994	-1000.0	-1000.0	-1000.0	-1000.0	1000.0	1000.0	1000.0	1000.0	10.000000000000014	0.1	1.0	1000.0	0.0	0.1	-8.483339501617152	-21.516660498382784	-33.500000000000064	-33.000000000000014	-1.0	1.0	-0.5	1.0	1000.0	1000.0	1000.0	1000.0
3.4000000000000004	3.4000000000000004	0.8438971654656064	2.1561028345343867	0.0	0.0	0.0	0.0	0.0	0.0	0.0	3.3000000000000074	3.4000000000000017	-1.0	1.0	-0.5	1.0	0.9556757792821806	0.5	0.5	1.0	1.0	-1.0	0.5	-1.0	1.0	2.999999999999993	-1000.0	-1000.0	-1000.0	-1000.0	1000.0	1000.0	1000.0	1000.0	10.000000000000016	0.1	1.0	1000.0	0.0	0.1	-8.438971654656063	-21.561028345343864	-33.00000000000007	-34.000000000000014	-1.0	1.0	-0.5	1.0	1000.0	1000.0	1000.0	1000.0
3.5	3.5	0.8394690889098865	2.160530911090105	0.0	0.0	0.0	0.0	0.0	0.0	0.0	3.2500000000000107	3.5000000000000018	-1.0	1.0	-0.5	1.0	0.9557626044795925	0.5	0.5	1.0	1.0	-1.0	0.5	-1.0	1.0	2.9999999999999916	-1000.0	-1000.0	-1000.0	-1000.0	1000.0	1000.0	1000.0	1000.0	10.000000000000023	0.1	1.0	1000.0	0.0	0.1	-8.394690889098865	-21.60530911090105	-32.50000000000011	-35.000000000000014	-1.0	1.0	-0.5	1.0	1000.0	1000.0	1000.0	1000.0
3.6	3.6	0.8350496694201753	2.1649503305798166	0.0	0.0	0.0	0.0	0.0	0.0	0.0	3.2000000000000095	3.600000000000002	-1.0	1.0	-0.5	1.0	0.9558489214311378	0.5	0.5	1.0	1.0	-1.0	0.5	-1.0	1.0	2.999999999999992	-1000.0	-1000.0	-1000.0	-1000.0	1000.0	1000.0	1000.0	1000.0	10.000000000000021	0.1	1.0	1000.0	0.0	0.1	-8.350496694201754	-21.649503305798163	-32.00000000000009	-36.000000000000014	-1.0	1.0	-0.5	1.0	1000.0	1000.0	1000.0	1000.0
3.7	3.7	0.8306388564194099	2.169361143580583	0.0	0.0	0.0	0.0	0.0	0.0	0.0	3.1500000000000075	3.700000000000002	-1.0	1.0	-0.5	1.0	0.9559347350760484	0.5	0.5	1.0	1.0	-1.0	0.5	-1.0	1.0	2.999999999999993	-1000.0	-1000.0	-1000.0	-1000.0	1000.0	1000.0	1000.0	1000.0	10.000000000000018	0.1	1.0	1000.0	0.0	0.1	-8.3063885641941	-21.693611435805828	-31.500000000000075	-37.000000000000014	-1.0	1.0	-0.5	1.0	1000.0	1000.0	1000.0	1000.0
3.8000000000000003	3.8000000000000003	0.8262365998210942	2.1737634001788955	0.0	0.0	0.0	0.0	0.0	0.0	0.0	3.1000000000000068	3.800000000000002	-1.0	1.0	-0.5	1.0	0.9560200502866163	0.5	0.5	1.0	1.0	-1.0	0.5	-1.0	1.0	2.99999999999999	-1000.0	-1000.0	-1000.0	-1000.0	1000.0	1000.0	1000.0	1000.0	10.000000000000016	0.1	1.0	1000.0	0.0	0.1	-8.262365998210942	-21.737634001788955	-31.000000000000068	-38.00000000000002	-1.0	1.0	-0.5	1.0	1000.0	1000.0	1000.0	1000.0
3.9000000000000004	3.9000000000000004	0.8218428500226108	2.178157149977378	0.0	0.0	0.0	0.0	0.0	0.0	0.0	3.050000000000005	3.900000000000002	-1.0	1.0	-0.5	1.0	0.9561048718693559	0.5	0.5	1.0	1.0	-1.0	0.5	-1.0	1.0	2.999999999999989	-1000.0	-1000.0	-1000.0	-1000.0	1000.0	1000.0	1000.0	1000.0	10.000000000000012	0.1	1.0	1000.0	0.0	0.1	-8.218428500226107	-21.78157149977378	-30.50000000000005	-39.00000000000002	-1.0	1.0	-0.5	1.0	1000.0	1000.0	1000.0	1000.0
4.0	4.0	0.8174575578988824	2.1825424421011075	0.0	0.0	0.0	0.0	0.0	0.0	0.0	3.0000000000000053	4.000000000000002	-1.0	1.0	-0.5	1.0	0.9561892045661378	0.5	0.5	1.0	1.0	-1.0	0.5	-1.0	1.0	2.99999999999999	-1000.0	-1000.0	-1000.0	-1000.0	1000.0	1000.0	1000.0	1000.0	10.000000000000012	0.1	1.0	1000.0	0.0	0.1	-8.174575578988824	-21.825424421011075	-30.000000000000053	-40.000000000000014	-1.0	1.0	-0.5	1.0	1000.0	1000.0	1000.0	1000.0
4.1000000000000005	4.1000000000000005	0.8130806747957527	2.186919325204237	0.0	0.0	0.0	0.0	0.0	0.0	0.0	2.9500000000000055	4.100000000000001	-1.0	1.0	-0.5	1.0	0.9562730530553064	0.5	0.5	1.0	1.0	-1.0	0.5	-1.0	1.0	2.99999999999999	-1000.0	-1000.0	-1000.0	-1000.0	1000.0	1000.0	1000.0	1000.0	10.000000000000012	0.1	1.0	1000.0	0.0	0.1	-8.130806747957527	-21.86919325204237	-29.500000000000053	-41.000000000000014	-1.0	1.0	-0.5	1.0	1000.0	1000.0	1000.0	1000.0
4.2	4.2	0.8087121525237432	2.191287847476246	0.0	0.0	0.0	0.0	0.0	0.0	0.0	2.9000000000000057	4.200000000000001	-1.0	1.0	-0.5	1.0	0.9563564219527696	0.5	0.5	1.0	1.0	-1.0	0.5	-1.0	1.0	2.9999999999999893	-1000.0	-1000.0	-1000.0	-1000.0	1000.0	1000.0	1000.0	1000.0	10.000000000000012	0.1	1.0	1000.0	0.0	0.1	-8.087121525237432	-21.912878474762458	-29.000000000000057	-42.00000000000001	-1.0	1.0	-0.5	1.0	1000.0	1000.0	1000.0	1000.0
4.3	4.3	0.8043519433519178	2.195648056648072	0.0	0.0	0.0	0.0	0.0	0.0	0.0	2.850000000000006	4.300000000000001	-1.0	1.0	-0.5	1.0	0.956439315813064	0.5	0.5	1.0	1.0	-1.0	0.5	-1.0	1.0	2.99999999999999	-1000.0	-1000.0	-1000.0	-1000.0	1000.0	1000.0	1000.0	1000.0	10.000000000000012	0.1	1.0	1000.0	0.0	0.1	-8.043519433519178	-21.956480566480717	-28.500000000000057	-43.00000000000001	-1.0	1.0	-0.5	1.0	1000.0	1000.0	1000.0	1000.0
4.4	4.4	0.8000000000017419	2.1999999999982465	0.0	0.0	0.0	0.0	0.0	0.0	0.0	2.800000000000006	4.4	-1.0	1.0	-0.5	1.0	0.9565217391304016	0.5	0.5	1.0	1.0	-1.0	0.5	-1.0	1.0	2.9999999999999885	-1000.0	-1000.0	-1000.0	-1000.0	1000.0	1000.0	1000.0	1000.0	10.000000000000012	0.1	1.0	1000.0	0.0	0.1	-8.000000000017419	-21.999999999982464	-28.00000000000006	-44.0	-1.0	1.0	-0.5	1.0	1000.0	1000.0	1000.0	1000.0
4.5	4.5	0.7956562756411845	2.2043437243588033	0.0	0.0	0.0	0.0	0.0	0.0	0.0	2.750000000000006	4.5	-1.0	1.0	-0.5	1.0	0.9566036963396919	0.5	0.5	1.0	1.0	-1.0	0.5	-1.0	1.0	2.9999999999999876	-1000.0	-1000.0	-1000.0	-1000.0	1000.0	1000.0	1000.0	1000.0	10.000000000000012	0.1	1.0	1000.0	0.0	0.1	-7.956562756411844	-22.04343724358803	-27.50000000000006	-45.0	-1.0	1.0	-0.5	1.0	1000.0	1000.0	1000.0	1000.0
4.6000000000000005	4.6000000000000005	0.7913207238787543	2.2086792761212344	0.0	0.0	0.0	0.0	0.0	0.0	0.0	2.7000000000000064	4.6	-1.0	1.0	-0.5	1.0	0.9566851918175451	0.5	0.5	1.0	1.0	-1.0	0.5	-1.0	1.0	2.9999999999999885	-1000.0	-1000.0	-1000.0	-1000.0	1000.0	1000.0	1000.0	1000.0	10.000000000000012	0.1	1.0	1000.0	0.0	0.1	-7.9132072387875425	-22.086792761212344	-27.000000000000064	-45.99999999999999	-1.0	1.0	-0.5	1.0	1000.0	1000.0	1000.0	1000.0
4.7	4.7	0.7869932987577454	2.213006701242243	0.0	0.0	0.0	0.0	0.0	0.0	0.0	2.6500000000000066	4.699999999999999	-1.0	1.0	-0.5	1.0	0.956766229883254	0.5	0.5	1.0	1.0	-1.0	0.5	-1.0	1.0	2.9999999999999885	-1000.0	-1000.0	-1000.0	-1000.0	1000.0	1000.0	1000.0	1000.0	10.000000000000012	0.1	1.0	1000.0	0.0	0.1	-7.869932987577453	-22.13006701242243	-26.500000000000064	-46.99999999999999	-1.0	1.0	-0.5	1.0	1000.0	1000.0	1000.0	1000.0
4.800000000000001	4.800000000000001	0.7826739547505549	2.2173260452494334	0.0	0.0	0.0	0.0	0.0	0.0	0.0	2.6000000000000068	4.799999999999999	-1.0	1.0	-0.5	1.0	0.956846814799755	0.5	0.5	1.0	1.0	-1.0	0.5	-1.0	1.0	2.9999999999999885	-1000.0	-1000.0	-1000.0	-1000.0	1000.0	1000.0	1000.0	1000.0	10.000000000000012	0.1	1.0	1000.0	0.0	0.1	-7.826739547505548	-22.173260452494333	-26.000000000000068	-47.999999999999986	-1.0	1.0	-0.5	1.0	1000.0	1000.0	1000.0	1000.0
4.9	4.9	0.7783626467530986	2.2216373532468894	0.0	0.0	0.0	0.0	0.0	0.0	0.0	2.550000000000007	4.899999999999999	-1.0	1.0	-0.5	1.0	0.9569269507745701	0.5	0.5	1.0	1.0	-1.0	0.5	-1.0	1.0	2.999999999999988	-1000.0	-1000.0	-1000.0	-1000.0	1000.0	1000.0	1000.0	1000.0	10.000000000000012	0.1	1.0	1000.0	0.0	0.1	-7.783626467530986	-22.216373532468893	-25.500000000000068	-48.999999999999986	-1.0	1.0	-0.5	1.0	1000.0	1000.0	1000.0	1000.0
5.0	5.0	0.7740593300793095	2.22594066992068	0.0	0.0	0.0	0.0	0.0	0.0	0.0	2.500000000000007	4.999999999999998	-1.0	1.0	-0.5	1.0	0.9570066419607297	0.5	0.5	1.0	1.0	-1.0	0.5	-1.0	1.0	2.9999999999999893	-1000.0	-1000.0	-1000.0	-1000.0	1000.0	1000.0	1000.0	1000.0	10.000000000000012	0.1	1.0	1000.0	0.0	0.1	-7.740593300793095	-22.259406699206796	-25.00000000000007	-49.99999999999998	-1.0	1.0	-0.5	1.0	1000.0	1000.0	1000.0	1000.0
5.1000000000000005	5.1000000000000005	0.7697639604557365	2.230236039544252	0.0	0.0	0.0	0.0	0.0	0.0	0.0	2.4500000000000073	5.099999999999998	-1.0	1.0	-0.5	1.0	0.9570858924576765	0.5	0.5	1.0	1.0	-1.0	0.5	-1.0	1.0	2.9999999999999885	-1000.0	-1000.0	-1000.0	-1000.0	1000.0	1000.0	1000.0	1000.0	10.000000000000012	0.1	1.0	1000.0	0.0	0.1	-7.697639604557365	-22.30236039544252	-24.50000000000007	-50.99999999999998	-1.0	1.0	-0.5	1.0	1000.0	1000.0	1000.0	1000.0
5.2	5.2	0.7654764940162274	2.234523505983759	0.0	0.0	0.0	0.0	0.0	0.0	0.0	2.4000000000000075	5.1999999999999975	-1.0	1.0	-0.5	1.0	0.9571647063121514	0.5	0.5	1.0	1.0	-1.0	0.5	-1.0	1.0	2.9999999999999867	-1000.0	-1000.0	-1000.0	-1000.0	1000.0	1000.0	1000.0	1000.0	10.000000000000012	0.1	1.0	1000.0	0.0	0.1	-7.6547649401622735	-22.34523505983759	-24.000000000000075	-51.99999999999997	-1.0	1.0	-0.5	1.0	1000.0	1000.0	1000.0	1000.0
5.300000000000001	5.300000000000001	0.7611968872967081	2.238803112703277	0.0	0.0	0.0	0.0	0.0	0.0	0.0	2.3500000000000076	5.299999999999997	-1.0	1.0	-0.5	1.0	0.9572430875190617	0.5	0.5	1.0	1.0	-1.0	0.5	-1.0	1.0	2.999999999999985	-1000.0	-1000.0	-1000.0	-1000.0	1000.0	1000.0	1000.0	1000.0	10.000000000000012	0.1	1.0	1000.0	0.0	0.1	-7.611968872967081	-22.388031127032768	-23.500000000000075	-52.99999999999997	-1.0	1.0	-0.5	1.0	1000.0	1000.0	1000.0	1000.0
5.4	5.4	0.7569250972300399	2.2430749027699446	0.0	0.0	0.0	0.0	0.0	0.0	0.0	2.300000000000008	5.399999999999997	-1.0	1.0	-0.5	1.0	0.9573210400223306	0.5	0.5	1.0	1.0	-1.0	0.5	-1.0	1.0	2.9999999999999845	-1000.0	-1000.0	-1000.0	-1000.0	1000.0	1000.0	1000.0	1000.0	10.000000000000012	0.1	1.0	1000.0	0.0	0.1	-7.569250972300399	-22.430749027699445	-23.000000000000078	-53.999999999999964	-1.0	1.0	-0.5	1.0	1000.0	1000.0	1000.0	1000.0
5.5	5.5	0.7526610811409625	2.2473389188590214	0.0	0.0	0.0	0.0	0.0	0.0	0.0	2.250000000000008	5.4999999999999964	-1.0	1.0	-0.5	1.0	0.9573985677157317	0.5	0.5	1.0	1.0	-1.0	0.5	-1.0	1.0	2.999999999999984	-1000.0	-1000.0	-1000.0	-1000.0	1000.0	1000.0	1000.0	1000.0	10.000000000000012	0.1	1.0	1000.0	0.0	0.1	-7.526610811409625	-22.47338918859021	-22.500000000000078	-54.999999999999964	-1.0	1.0	-0.5	1.0	1000.0	1000.0	1000.0	1000.0
5.6000000000000005	5.6000000000000005	0.7484047967411196	2.2515952032588635	0.0	0.0	0.0	0.0	0.0	0.0	0.0	2.200000000000008	5.599999999999996	-1.0	1.0	-0.5	1.0	0.9574756744437056	0.5	0.5	1.0	1.0	-1.0	0.5	-1.0	1.0	2.999999999999983	-1000.0	-1000.0	-1000.0	-1000.0	1000.0	1000.0	1000.0	1000.0	10.000000000000012	0.1	1.0	1000.0	0.0	0.1	-7.484047967411196	-22.515952032588633	-22.00000000000008	-55.99999999999996	-1.0	1.0	-0.5	1.0	1000.0	1000.0	1000.0	1000.0
5.7	5.7	0.7441562021241652	2.255843797875816	0.0	0.0	0.0	0.0	0.0	0.0	0.0	2.1500000000000083	5.699999999999996	-1.0	1.0	-0.5	1.0	0.9575523640021606	0.5	0.5	1.0	1.0	-1.0	0.5	-1.0	1.0	2.9999999999999813	-1000.0	-1000.0	-1000.0	-1000.0	1000.0	1000.0	1000.0	1000.0	10.000000000000012	0.1	1.0	1000.0	0.0	0.1	-7.441562021241652	-22.55843797875816	-21.50000000000008	-56.99999999999996	-1.0	1.0	-0.5	1.0	1000.0	1000.0	1000.0	1000.0
5.800000000000001	5.800000000000001	0.7399152557609501	2.2600847442390286	0.0	0.0	0.0	0.0	0.0	0.0	0.0	2.1000000000000085	5.799999999999995	-1.0	1.0	-0.5	1.0	0.9576286401392576	0.5	0.5	1.0	1.0	-1.0	0.5	-1.0	1.0	2.9999999999999787	-1000.0	-1000.0	-1000.0	-1000.0	1000.0	1000.0	1000.0	1000.0	10.000000000000012	0.1	1.0	1000.0	0.0	0.1	-7.399152557609501	-22.600847442390286	-21.000000000000085	-57.99999999999995	-1.0	1.0	-0.5	1.0	1000.0	1000.0	1000.0	1000.0
5.9	5.9	0.7356819164947865	2.2643180835051933	0.0	0.0	0.0	0.0	0.0	0.0	0.0	2.0500000000000087	5.899999999999995	-1.0	1.0	-0.5	1.0	0.9577045065561796	0.5	0.5	1.0	1.0	-1.0	0.5	-1.0	1.0	2.9999999999999796	-1000.0	-1000.0	-1000.0	-1000.0	1000.0	1000.0	1000.0	1000.0	10.000000000000012	0.1	1.0	1000.0	0.0	0.1	-7.356819164947865	-22.643180835051933	-20.500000000000085	-58.99999999999995	-1.0	1.0	-0.5	1.0	1000.0	1000.0	1000.0	1000.0
6.0	6.0	0.7314561435367861	2.2685438564631943	0.0	0.0	0.0	0.0	0.0	0.0	0.0	2.000000000000009	5.999999999999995	-1.0	1.0	-0.5	1.0	0.9577799669078857	0.5	0.5	1.0	1.0	-1.0	0.5	-1.0	1.0	2.9999999999999805	-1000.0	-1000.0	-1000.0	-1000.0	1000.0	1000.0	1000.0	1000.0	10.000000000000012	0.1	1.0	1000.0	0.0	0.1	-7.314561435367861	-22.68543856463194	-20.00000000000009	-59.99999999999994	-1.0	1.0	-0.5	1.0	1000.0	1000.0	1000.0	1000.0
6.1000000000000005	6.1000000000000005	0.7272378964612771	2.2727621035387027	0.0	0.0	0.0	0.0	0.0	0.0	0.0	1.950000000000009	6.099999999999994	-1.0	1.0	-0.5	1.0	0.9578550248038513	0.5	0.5	1.0	1.0	-1.0	0.5	-1.0	1.0	2.9999999999999796	-1000.0	-1000.0	-1000.0	-1000.0	1000.0	1000.0	1000.0	1000.0	10.000000000000012	0.1	1.0	1000.0	0.0	0.1	-7.272378964612771	-22.727621035387024	-19.50000000000009	-60.99999999999994	-1.0	1.0	-0.5	1.0	1000.0	1000.0	1000.0	1000.0
6.2	6.2	0.7230271352013137	2.276972864798667	0.0	0.0	0.0	0.0	0.0	0.0	0.0	1.9000000000000072	6.199999999999994	-1.0	1.0	-0.5	1.0	0.9579296838087926	0.5	0.5	1.0	1.0	-1.0	0.5	-1.0	1.0	2.999999999999981	-1000.0	-1000.0	-1000.0	-1000.0	1000.0	1000.0	1000.0	1000.0	10.000000000000009	0.1	1.0	1000.0	0.0	0.1	-7.230271352013136	-22.76972864798667	-19.00000000000007	-61.999999999999936	-1.0	1.0	-0.5	1.0	1000.0	1000.0	1000.0	1000.0
6.300000000000001	6.300000000000001	0.7188238200441691	2.2811761799558115	0.0	0.0	0.0	0.0	0.0	0.0	0.0	1.8500000000000107	6.299999999999994	-1.0	1.0	-0.5	1.0	0.9580039474433782	0.5	0.5	1.0	1.0	-1.0	0.5	-1.0	1.0	2.9999999999999805	-1000.0	-1000.0	-1000.0	-1000.0	1000.0	1000.0	1000.0	1000.0	10.000000000000014	0.1	1.0	1000.0	0.0	0.1	-7.188238200441691	-22.811761799558113	-18.500000000000107	-62.999999999999936	-1.0	1.0	-0.5	1.0	1000.0	1000.0	1000.0	1000.0
6.4	6.4	0.7146279116270328	2.2853720883729487	0.0	0.0	0.0	0.0	0.0	0.0	0.0	1.8000000000000143	6.399999999999993	-1.0	1.0	-0.5	1.0	0.9580778191849265	0.5	0.5	1.0	1.0	-1.0	0.5	-1.0	1.0	2.9999999999999813	-1000.0	-1000.0	-1000.0	-1000.0	1000.0	1000.0	1000.0	1000.0	10.000000000000021	0.1	1.0	1000.0	0.0	0.1	-7.146279116270327	-22.853720883729487	-18.000000000000142	-63.99999999999993	-1.0	1.0	-0.5	1.0	1000.0	1000.0	1000.0	1000.0
6.5	6.5	0.7104393709326858	2.2895606290672963	0.0	0.0	0.0	0.0	0.0	0.0	0.0	1.750000000000013	6.499999999999993	-1.0	1.0	-0.5	1.0	0.9581513024680891	0.5	0.5	1.0	1.0	-1.0	0.5	-1.0	1.0	2.9999999999999822	-1000.0	-1000.0	-1000.0	-1000.0	1000.0	1000.0	1000.0	1000.0	10.00000000000002	0.1	1.0	1000.0	0.0	0.1	-7.104393709326858	-22.895606290672962	-17.50000000000013	-64.99999999999993	-1.0	1.0	-0.5	1.0	1000.0	1000.0	1000.0	1000.0
6.6000000000000005	6.6000000000000005	0.70625815928527	2.2937418407147105	0.0	0.0	0.0	0.0	0.0	0.0	0.0	1.7000000000000124	6.5999999999999925	-1.0	1.0	-0.5	1.0	0.9582244006855215	0.5	0.5	1.0	1.0	-1.0	0.5	-1.0	1.0	2.9999999999999805	-1000.0	-1000.0	-1000.0	-1000.0	1000.0	1000.0	1000.0	1000.0	10.000000000000018	0.1	1.0	1000.0	0.0	0.1	-7.0625815928527	-22.937418407147103	-17.000000000000124	-65.99999999999991	-1.0	1.0	-0.5	1.0	1000.0	1000.0	1000.0	1000.0
6.7	6.7	0.7020842383461198	2.29791576165386	0.0	0.0	0.0	0.0	0.0	0.0	0.0	1.6500000000000117	6.699999999999992	-1.0	1.0	-0.5	1.0	0.9582971171885415	0.5	0.5	1.0	1.0	-1.0	0.5	-1.0	1.0	2.99999999999998	-1000.0	-1000.0	-1000.0	-1000.0	1000.0	1000.0	1000.0	1000.0	10.000000000000016	0.1	1.0	1000.0	0.0	0.1	-7.020842383461197	-22.9791576165386	-16.500000000000117	-66.99999999999991	-1.0	1.0	-0.5	1.0	1000.0	1000.0	1000.0	1000.0
6.800000000000001	6.800000000000001	0.6979175701096625	2.3020824298903184	0.0	0.0	0.0	0.0	0.0	0.0	0.0	1.600000000000013	6.799999999999992	-1.0	1.0	-0.5	1.0	0.9583694552877745	0.5	0.5	1.0	1.0	-1.0	0.5	-1.0	1.0	2.999999999999981	-1000.0	-1000.0	-1000.0	-1000.0	1000.0	1000.0	1000.0	1000.0	10.000000000000018	0.1	1.0	1000.0	0.0	0.1	-6.979175701096625	-23.020824298903182	-16.000000000000128	-67.99999999999991	-1.0	1.0	-0.5	1.0	1000.0	1000.0	1000.0	1000.0
6.9	6.9	0.6937581168993784	2.306241883100603	0.0	0.0	0.0	0.0	0.0	0.0	0.0	1.5500000000000125	6.8999999999999915	-1.0	1.0	-0.5	1.0	0.9584414182537861	0.5	0.5	1.0	1.0	-1.0	0.5	-1.0	1.0	2.9999999999999813	-1000.0	-1000.0	-1000.0	-1000.0	1000.0	1000.0	1000.0	1000.0	10.000000000000016	0.1	1.0	1000.0	0.0	0.1	-6.937581168993783	-23.062418831006028	-15.500000000000124	-68.99999999999991	-1.0	1.0	-0.5	1.0	1000.0	1000.0	1000.0	1000.0
7.0	7.0	0.6896058413638281	2.3103941586361527	0.0	0.0	0.0	0.0	0.0	0.0	0.0	1.5000000000000138	6.999999999999991	-1.0	1.0	-0.5	1.0	0.9585130093177034	0.5	0.5	1.0	1.0	-1.0	0.5	-1.0	1.0	2.999999999999981	-1000.0	-1000.0	-1000.0	-1000.0	1000.0	1000.0	1000.0	1000.0	10.000000000000018	0.1	1.0	1000.0	0.0	0.1	-6.89605841363828	-23.103941586361525	-15.000000000000137	-69.9999999999999	-1.0	1.0	-0.5	1.0	1000.0	1000.0	1000.0	1000.0
7.1000000000000005	7.1000000000000005	0.6854607064727373	2.314539293527241	0.0	0.0	0.0	0.0	0.0	0.0	0.0	1.450000000000014	7.099999999999991	-1.0	1.0	-0.5	1.0	0.9585842316718248	0.5	0.5	1.0	1.0	-1.0	0.5	-1.0	1.0	2.9999999999999782	-1000.0	-1000.0	-1000.0	-1000.0	1000.0	1000.0	1000.0	1000.0	10.000000000000018	0.1	1.0	1000.0	0.0	0.1	-6.8546070647273725	-23.145392935272408	-14.500000000000139	-70.9999999999999	-1.0	1.0	-0.5	1.0	1000.0	1000.0	1000.0	1000.0
7.2	7.2	0.6813226755131022	2.3186773244868757	0.0	0.0	0.0	0.0	0.0	0.0	0.0	1.4000000000000163	7.19999999999999	-1.0	1.0	-0.5	1.0	0.9586550884702179	0.5	0.5	1.0	1.0	-1.0	0.5	-1.0	1.0	2.999999999999978	-1000.0	-1000.0	-1000.0	-1000.0	1000.0	1000.0	1000.0	1000.0	10.000000000000023	0.1	1.0	1000.0	0.0	0.1	-6.813226755131022	-23.186773244868757	-14.000000000000163	-71.9999999999999	-1.0	1.0	-0.5	1.0	1000.0	1000.0	1000.0	1000.0
7.300000000000001	7.300000000000001	0.6771917120855256	2.3228082879144507	0.0	0.0	0.0	0.0	0.0	0.0	0.0	1.3500000000000145	7.29999999999999	-1.0	1.0	-0.5	1.0	0.9587255828293043	0.5	0.5	1.0	1.0	-1.0	0.5	-1.0	1.0	2.9999999999999765	-1000.0	-1000.0	-1000.0	-1000.0	1000.0	1000.0	1000.0	1000.0	10.00000000000002	0.1	1.0	1000.0	0.0	0.1	-6.771917120855256	-23.228082879144505	-13.500000000000144	-72.9999999999999	-1.0	1.0	-0.5	1.0	1000.0	1000.0	1000.0	1000.0
7.4	7.4	0.6730677801003525	2.3269322198996236	0.0	0.0	0.0	0.0	0.0	0.0	0.0	1.300000000000016	7.39999999999999	-1.0	1.0	-0.5	1.0	0.9587957178284378	0.5	0.5	1.0	1.0	-1.0	0.5	-1.0	1.0	2.999999999999976	-1000.0	-1000.0	-1000.0	-1000.0	1000.0	1000.0	1000.0	1000.0	10.000000000000021	0.1	1.0	1000.0	0.0	0.1	-6.730677801003525	-23.269322198996235	-13.00000000000016	-73.99999999999989	-1.0	1.0	-0.5	1.0	1000.0	1000.0	1000.0	1000.0
7.5	7.5	0.6689508437740751	2.3310491562258995	0.0	0.0	0.0	0.0	0.0	0.0	0.0	1.2500000000000182	7.499999999999989	-1.0	1.0	-0.5	1.0	0.9588654965104672	0.5	0.5	1.0	1.0	-1.0	0.5	-1.0	1.0	2.9999999999999747	-1000.0	-1000.0	-1000.0	-1000.0	1000.0	1000.0	1000.0	1000.0	10.000000000000025	0.1	1.0	1000.0	0.0	0.1	-6.68950843774075	-23.310491562258992	-12.500000000000181	-74.99999999999989	-1.0	1.0	-0.5	1.0	1000.0	1000.0	1000.0	1000.0
7.6000000000000005	7.6000000000000005	0.6648408676255798	2.335159132374395	0.0	0.0	0.0	0.0	0.0	0.0	0.0	1.2000000000000168	7.599999999999989	-1.0	1.0	-0.5	1.0	0.9589349218822938	0.5	0.5	1.0	1.0	-1.0	0.5	-1.0	1.0	2.9999999999999747	-1000.0	-1000.0	-1000.0	-1000.0	1000.0	1000.0	1000.0	1000.0	10.000000000000023	0.1	1.0	1000.0	0.0	0.1	-6.648408676255798	-23.35159132374395	-12.000000000000167	-75.99999999999989	-1.0	1.0	-0.5	1.0	1000.0	1000.0	1000.0	1000.0
7.7	7.7	0.6607378164726548	2.3392621835273197	0.0	0.0	0.0	0.0	0.0	0.0	0.0	1.1500000000000137	7.699999999999989	-1.0	1.0	-0.5	1.0	0.9590039969154139	0.5	0.5	1.0	1.0	-1.0	0.5	-1.0	1.0	2.9999999999999747	-1000.0	-1000.0	-1000.0	-1000.0	1000.0	1000.0	1000.0	1000.0	10.000000000000016	0.1	1.0	1000.0	0.0	0.1	-6.607378164726548	-23.392621835273196	-11.500000000000137	-76.99999999999989	-1.0	1.0	-0.5	1.0	1000.0	1000.0	1000.0	1000.0
7.800000000000001	7.800000000000001	0.656641655428611	2.343358344571366	0.0	0.0	0.0	0.0	0.0	0.0	0.0	1.1000000000000163	7.799999999999988	-1.0	1.0	-0.5	1.0	0.9590727245464509	0.5	0.5	1.0	1.0	-1.0	0.5	-1.0	1.0	2.999999999999977	-1000.0	-1000.0	-1000.0	-1000.0	1000.0	1000.0	1000.0	1000.0	10.000000000000021	0.1	1.0	1000.0	0.0	0.1	-6.56641655428611	-23.43358344571366	-11.000000000000162	-77.99999999999987	-1.0	1.0	-0.5	1.0	1000.0	1000.0	1000.0	1000.0
7.9	7.9	0.6525523498986663	2.3474476501013113	0.0	0.0	0.0	0.0	0.0	0.0	0.0	1.050000000000014	7.899999999999988	-1.0	1.0	-0.5	1.0	0.9591411076776818	0.5	0.5	1.0	1.0	-1.0	0.5	-1.0	1.0	2.999999999999978	-1000.0	-1000.0	-1000.0	-1000.0	1000.0	1000.0	1000.0	1000.0	10.000000000000016	0.1	1.0	1000.0	0.0	0.1	-6.525523498986662	-23.47447650101311	-10.50000000000014	-78.99999999999987	-1.0	1.0	-0.5	1.0	1000.0	1000.0	1000.0	1000.0
8.0	8.0	0.6484698655765129	2.351530134423465	0.0	0.0	0.0	0.0	0.0	0.0	0.0	1.000000000000014	7.999999999999988	-1.0	1.0	-0.5	1.0	0.9592091491775534	0.5	0.5	1.0	1.0	-1.0	0.5	-1.0	1.0	2.999999999999978	-1000.0	-1000.0	-1000.0	-1000.0	1000.0	1000.0	1000.0	1000.0	10.000000000000016	0.1	1.0	1000.0	0.0	0.1	-6.484698655765128	-23.51530134423465	-10.000000000000139	-79.99999999999987	-1.0	1.0	-0.5	1.0	1000.0	1000.0	1000.0	1000.0
8.1	8.1	0.644394168441046	2.3556058315589326	0.0	0.0	0.0	0.0	0.0	0.0	0.0	0.9500000000000164	8.099999999999987	-1.0	1.0	-0.5	1.0	0.959276851881185	0.5	0.5	1.0	1.0	-1.0	0.5	-1.0	1.0	2.9999999999999787	-1000.0	-1000.0	-1000.0	-1000.0	1000.0	1000.0	1000.0	1000.0	10.00000000000002	0.1	1.0	1000.0	0.0	0.1	-6.44394168441046	-23.556058315589326	-9.500000000000163	-80.99999999999987	-1.0	1.0	-0.5	1.0	1000.0	1000.0	1000.0	1000.0
8.200000000000001	8.200000000000001	0.6403252247530282	2.3596747752469494	0.0	0.0	0.0	0.0	0.0	0.0	0.0	0.9000000000000133	8.199999999999987	-1.0	1.0	-0.5	1.0	0.9593442185908663	0.5	0.5	1.0	1.0	-1.0	0.5	-1.0	1.0	2.999999999999978	-1000.0	-1000.0	-1000.0	-1000.0	1000.0	1000.0	1000.0	1000.0	10.000000000000014	0.1	1.0	1000.0	0.0	0.1	-6.403252247530282	-23.596747752469494	-9.000000000000133	-81.99999999999986	-1.0	1.0	-0.5	1.0	1000.0	1000.0	1000.0	1000.0
8.3	8.3	0.6362630010518286	2.3637369989481485	0.0	0.0	0.0	0.0	0.0	0.0	0.0	0.8500000000000112	8.299999999999986	-1.0	1.0	-0.5	1.0	0.9594112520765433	0.5	0.5	1.0	1.0	-1.0	0.5	-1.0	1.0	2.999999999999977	-1000.0	-1000.0	-1000.0	-1000.0	1000.0	1000.0	1000.0	1000.0	10.000000000000009	0.1	1.0	1000.0	0.0	0.1	-6.362630010518286	-23.637369989481485	-8.500000000000112	-82.99999999999986	-1.0	1.0	-0.5	1.0	1000.0	1000.0	1000.0	1000.0
8.4	8.4	0.632207464152215	2.3677925358477627	0.0	0.0	0.0	0.0	0.0	0.0	0.0	0.8000000000000109	8.399999999999986	-1.0	1.0	-0.5	1.0	0.9594779550762977	0.5	0.5	1.0	1.0	-1.0	0.5	-1.0	1.0	2.999999999999978	-1000.0	-1000.0	-1000.0	-1000.0	1000.0	1000.0	1000.0	1000.0	10.000000000000007	0.1	1.0	1000.0	0.0	0.1	-6.322074641522149	-23.677925358477626	-8.000000000000108	-83.99999999999986	-1.0	1.0	-0.5	1.0	1000.0	1000.0	1000.0	1000.0
8.5	8.5	0.6281585811411896	2.37184141885879	0.0	0.0	0.0	0.0	0.0	0.0	0.0	0.7500000000000142	8.499999999999986	-1.0	1.0	-0.5	1.0	0.9595443302968163	0.5	0.5	1.0	1.0	-1.0	0.5	-1.0	1.0	2.9999999999999796	-1000.0	-1000.0	-1000.0	-1000.0	1000.0	1000.0	1000.0	1000.0	10.000000000000014	0.1	1.0	1000.0	0.0	0.1	-6.281585811411896	-23.7184141885879	-7.500000000000142	-84.99999999999986	-1.0	1.0	-0.5	1.0	1000.0	1000.0	1000.0	1000.0
8.6	8.6	0.6241163193748716	2.3758836806251087	0.0	0.0	0.0	0.0	0.0	0.0	0.0	0.700000000000016	8.599999999999985	-1.0	1.0	-0.5	1.0	0.959610380413852	0.5	0.5	1.0	1.0	-1.0	0.5	-1.0	1.0	2.9999999999999805	-1000.0	-1000.0	-1000.0	-1000.0	1000.0	1000.0	1000.0	1000.0	10.000000000000018	0.1	1.0	1000.0	0.0	0.1	-6.241163193748715	-23.758836806251086	-7.00000000000016	-85.99999999999984	-1.0	1.0	-0.5	1.0	1000.0	1000.0	1000.0	1000.0
8.700000000000001	8.700000000000001	0.6200806464754282	2.3799193535245533	0.0	0.0	0.0	0.0	0.0	0.0	0.0	0.6500000000000183	8.699999999999985	-1.0	1.0	-0.5	1.0	0.9596761080726773	0.5	0.5	1.0	1.0	-1.0	0.5	-1.0	1.0	2.9999999999999813	-1000.0	-1000.0	-1000.0	-1000.0	1000.0	1000.0	1000.0	1000.0	10.000000000000021	0.1	1.0	1000.0	0.0	0.1	-6.200806464754281	-23.799193535245532	-6.500000000000183	-86.99999999999984	-1.0	1.0	-0.5	1.0	1000.0	1000.0	1000.0	1000.0
8.8	8.8	0.6160515303280486	2.383948469671934	0.0	0.0	0.0	0.0	0.0	0.0	0.0	0.6000000000000212	8.799999999999985	-1.0	1.0	-0.5	1.0	0.9597415158885291	0.5	0.5	1.0	1.0	-1.0	0.5	-1.0	1.0	2.9999999999999827	-1000.0	-1000.0	-1000.0	-1000.0	1000.0	1000.0	1000.0	1000.0	10.000000000000027	0.1	1.0	1000.0	0.0	0.1	-6.160515303280485	-23.83948469671934	-6.000000000000211	-87.99999999999984	-1.0	1.0	-0.5	1.0	1000.0	1000.0	1000.0	1000.0
8.9	8.9	0.6120289390779624	2.387971060922023	0.0	0.0	0.0	0.0	0.0	0.0	0.0	0.5500000000000212	8.899999999999984	-1.0	1.0	-0.5	1.0	0.9598066064470457	0.5	0.5	1.0	1.0	-1.0	0.5	-1.0	1.0	2.9999999999999853	-1000.0	-1000.0	-1000.0	-1000.0	1000.0	1000.0	1000.0	1000.0	10.000000000000027	0.1	1.0	1000.0	0.0	0.1	-6.120289390779623	-23.879710609220226	-5.500000000000212	-88.99999999999984	-1.0	1.0	-0.5	1.0	1000.0	1000.0	1000.0	1000.0
9.0	9.0	0.6080128411275099	2.391987158872477	0.0	0.0	0.0	0.0	0.0	0.0	0.0	0.5000000000000236	8.999999999999984	-1.0	1.0	-0.5	1.0	0.9598713823046962	0.5	0.5	1.0	1.0	-1.0	0.5	-1.0	1.0	2.9999999999999867	-1000.0	-1000.0	-1000.0	-1000.0	1000.0	1000.0	1000.0	1000.0	10.000000000000032	0.1	1.0	1000.0	0.0	0.1	-6.080128411275099	-23.919871588724767	-5.000000000000236	-89.99999999999983	-1.0	1.0	-0.5	1.0	1000.0	1000.0	1000.0	1000.0
9.1	9.1	0.604003205133219	2.395996794866768	0.0	0.0	0.0	0.0	0.0	0.0	0.0	0.45000000000002527	9.099999999999984	-1.0	1.0	-0.5	1.0	0.9599358459892021	0.5	0.5	1.0	1.0	-1.0	0.5	-1.0	1.0	2.999999999999987	-1000.0	-1000.0	-1000.0	-1000.0	1000.0	1000.0	1000.0	1000.0	10.000000000000034	0.1	1.0	1000.0	0.0	0.1	-6.04003205133219	-23.959967948667682	-4.500000000000252	-90.99999999999983	-1.0	1.0	-0.5	1.0	1000.0	1000.0	1000.0	1000.0
9.200000000000001	9.200000000000001	0.6000000000029794	2.3999999999970107	0.0	0.0	0.0	0.0	0.0	0.0	0.0	0.40000000000001923	9.199999999999983	-1.0	1.0	-0.5	1.0	0.9599999999999521	0.5	0.5	1.0	1.0	-1.0	0.5	-1.0	1.0	2.9999999999999902	-1000.0	-1000.0	-1000.0	-1000.0	1000.0	1000.0	1000.0	1000.0	10.000000000000021	0.1	1.0	1000.0	0.0	0.1	-6.000000000029793	-23.999999999970107	-4.000000000000192	-91.99999999999983	-1.0	1.0	-0.5	1.0	1000.0	1000.0	1000.0	1000.0
9.3	9.3	0.5960031948932201	2.4039968051067713	0.0	0.0	0.0	0.0	0.0	0.0	0.0	0.35000000000002374	9.299999999999983	-1.0	1.0	-0.5	1.0	0.9600638468084084	0.5	0.5	1.0	1.0	-1.0	0.5	-1.0	1.0	2.999999999999991	-1000.0	-1000.0	-1000.0	-1000.0	1000.0	1000.0	1000.0	1000.0	10.00000000000003	0.1	1.0	1000.0	0.0	0.1	-5.9600319489322	-24.03996805106771	-3.500000000000237	-92.99999999999983	-1.0	1.0	-0.5	1.0	1000.0	1000.0	1000.0	1000.0
9.4	9.4	0.5920127592061355	2.407987240793857	0.0	0.0	0.0	0.0	0.0	0.0	0.0	0.3000000000000283	9.399999999999983	-1.0	1.0	-0.5	1.0	0.9601273888585068	0.5	0.5	1.0	1.0	-1.0	0.5	-1.0	1.0	2.999999999999993	-1000.0	-1000.0	-1000.0	-1000.0	1000.0	1000.0	1000.0	1000.0	10.000000000000039	0.1	1.0	1000.0	0.0	0.1	-5.9201275920613545	-24.07987240793857	-3.000000000000283	-93.99999999999982	-1.0	1.0	-0.5	1.0	1000.0	1000.0	1000.0	1000.0
9.5	9.5	0.5880286625869545	2.41197133741304	0.0	0.0	0.0	0.0	0.0	0.0	0.0	0.2500000000000272	9.499999999999982	-1.0	1.0	-0.5	1.0	0.96019062856705	0.5	0.5	1.0	1.0	-1.0	0.5	-1.0	1.0	2.9999999999999947	-1000.0	-1000.0	-1000.0	-1000.0	1000.0	1000.0	1000.0	1000.0	10.000000000000037	0.1	1.0	1000.0	0.0	0.1	-5.8802866258695445	-24.1197133741304	-2.500000000000272	-94.99999999999982	-1.0	1.0	-0.5	1.0	1000.0	1000.0	1000.0	1000.0
9.600000000000001	9.600000000000001	0.5840508749212457	2.415949125078751	0.0	0.0	0.0	0.0	0.0	0.0	0.0	0.20000000000002602	9.599999999999982	-1.0	1.0	-0.5	1.0	0.9602535683240931	0.5	0.5	1.0	1.0	-1.0	0.5	-1.0	1.0	2.9999999999999964	-1000.0	-1000.0	-1000.0	-1000.0	1000.0	1000.0	1000.0	1000.0	10.000000000000034	0.1	1.0	1000.0	0.0	0.1	-5.840508749212457	-24.159491250787507	-2.0000000000002602	-95.99999999999982	-1.0	1.0	-0.5	1.0	1000.0	1000.0	1000.0	1000.0
9.700000000000001	9.700000000000001	0.5800793663322619	2.4199206336677355	0.0	0.0	0.0	0.0	0.0	0.0	0.0	0.1500000000000249	9.699999999999982	-1.0	1.0	-0.5	1.0	0.9603162104933239	0.5	0.5	1.0	1.0	-1.0	0.5	-1.0	1.0	2.9999999999999973	-1000.0	-1000.0	-1000.0	-1000.0	1000.0	1000.0	1000.0	1000.0	10.000000000000032	0.1	1.0	1000.0	0.0	0.1	-5.800793663322619	-24.199206336677353	-1.500000000000249	-96.99999999999982	-1.0	1.0	-0.5	1.0	1000.0	1000.0	1000.0	1000.0
9.8	9.8	0.5761141071783218	2.4238858928216778	0.0	0.0	0.0	0.0	0.0	0.0	0.0	0.10000000000002433	9.799999999999981	-1.0	1.0	-0.5	1.0	0.9603785574124347	0.5	0.5	1.0	1.0	-1.0	0.5	-1.0	1.0	2.9999999999999996	-1000.0	-1000.0	-1000.0	-1000.0	1000.0	1000.0	1000.0	1000.0	10.00000000000003	0.1	1.0	1000.0	0.0	0.1	-5.761141071783218	-24.238858928216775	-1.0000000000002434	-97.9999999999998	-1.0	1.0	-0.5	1.0	1000.0	1000.0	1000.0	1000.0
9.9	9.9	0.5721550680502152	2.427844931949785	0.0	0.0	0.0	0.0	0.0	0.0	0.0	0.050000000000021846	9.89999999999998	-1.0	1.0	-0.5	1.0	0.9604406113934894	0.5	0.5	1.0	1.0	-1.0	0.5	-1.0	1.0	3.0	-1000.0	-1000.0	-1000.0	-1000.0	1000.0	1000.0	1000.0	1000.0	10.000000000000025	0.1	1.0	1000.0	0.0	0.1	-5.721550680502152	-24.278449319497845	-0.5000000000002184	-98.9999999999998	-1.0	1.0	-0.5	1.0	1000.0	1000.0	1000.0	1000.0
10.0	10.0	0.5682022197686996	2.4317977802313013	0.0	0.0	0.0	0.0	0.0	0.0	0.0	2.2684111533610718e-14	9.99999999999998	-4.5368223067221436e-13	4.5368223067221436e-13	-2.2684111533610718e-13	4.5368223067221436e-13	0.9605023747232829	2.2684111533610718e-13	2.2684111533610718e-13	4.5368223067221436e-13	4.5368223067221436e-13	-4.5368223067221436e-13	2.2684111533610718e-13	-4.5368223067221436e-13	1.0	3.000000000000001	-1000.0	-1000.0	-1000.0	-1000.0	1000.0	1000.0	1000.0	1000.0	10.000000000000027	0.1	1.0	1000.0	0.0	0.1	-5.682022197686996	-24.317977802313013	-2.2684111533610718e-13	-99.9999999999998	-4.5368223067221436e-13	4.5368223067221436e-13	-2.2684111533610718e-13	4.5368223067221436e-13	1000.0	1000.0	1000.0	1000.0
10.100000000000001	10.100000000000001	0.6641756266129247	2.335824373387075	0.0	0.0	0.0	0.0	0.0	0.0	0.0	2.0716473447235296e-27	10.000000000000023	0.0	0.0	0.0	0.0	0.9589461370480715	0.0	0.0	0.0	0.0	0.0	0.0	0.0	1.0	3.0	-1000.0	-1000.0	-1000.0	-1000.0	1000.0	1000.0	1000.0	1000.0	10.000000000000023	0.1	1.0	1000.0	0.0	0.1	-6.641756266129247	-23.35824373387075	-2.0716473447235296e-26	-100.00000000000023	0.0	0.0	0.0	0.0	1000.0	1000.0	1000.0	1000.0
10.200000000000001	10.200000000000001	0.7599872925436971	2.240012707456303	0.0	0.0	0.0	0.0	0.0	0.0	0.0	2.0716473447235296e-27	10.000000000000023	0.0	0.0	0.0	0.0	0.9572651893379227	0.0	0.0	0.0	0.0	0.0	0.0	0.0	1.0	3.0	-1000.0	-1000.0	-1000.0	-1000.0	1000.0	1000.0	1000.0	1000.0	10.000000000000023	0.1	1.0	1000.0	0.0	0.1	-7.599872925436971	-22.400127074563027	-2.0716473447235296e-26	-100.00000000000023	0.0	0.0	0.0	0.0	1000.0	1000.0	1000.0	1000.0
10.3	10.3	0.8556239988134192	2.144376001186582	0.0	0.0	0.0	0.0	0.0	0.0	0.0	2.0716473447235296e-27	10.000000000000023	0.0	0.0	0.0	0.0	0.9554441858462526	0.0	0.0	0.0	0.0	0.0	0.0	0.0	1.0	3.000000000000001	-1000.0	-1000.0	-1000.0	-1000.0	1000.0	1000.0	1000.0	1000.0	10.000000000000023	0.1	1.0	1000.0	0.0	0.1	-8.556239988134191	-21.443760011865816	-2.0716473447235296e-26	-100.00000000000023	0.0	0.0	0.0	0.0	1000.0	1000.0	1000.0	1000.0
10.4	10.4	0.9510708669172825	2.0489291330827193	0.0	0.0	0.0	0.0	0.0	0.0	0.0	2.0716473447235296e-27	10.000000000000023	0.0	0.0	0.0	0.0	0.9534651941469348	0.0	0.0	0.0	0.0	0.0	0.0	0.0	1.0	3.0000000000000018	-1000.0	-1000.0	-1000.0	-1000.0	1000.0	1000.0	1000.0	1000.0	10.000000000000023	0.1	1.0	1000.0	0.0	0.1	-9.510708669172825	-20.489291330827193	-2.0716473447235296e-26	-100.00000000000023	0.0	0.0	0.0	0.0	1000.0	1000.0	1000.0	1000.0
10.5	10.5	1.0463110729529381	1.953688927047062	0.0	0.0	0.0	0.0	0.0	0.0	0.0	2.0716473447235296e-27	10.000000000000023	0.0	0.0	0.0	0.0	0.9513071338687175	0.0	0.0	0.0	0.0	0.0	0.0	0.0	1.0	3.0	-1000.0	-1000.0	-1000.0	-1000.0	1000.0	1000.0	1000.0	1000.0	10.000000000000023	0.1	1.0	1000.0	0.0	0.1	-10.463110729529381	-19.53688927047062	-2.0716473447235296e-26	-100.00000000000023	0.0	0.0	0.0	0.0	1000.0	1000.0	1000.0	1000.0
10.600000000000001	10.600000000000001	1.1413254986605925	1.8586745013394077	0.0	0.0	0.0	0.0	0.0	0.0	0.0	2.0716473447235296e-27	10.000000000000023	0.0	0.0	0.0	0.0	0.9489450646691848	0.0	0.0	0.0	0.0	0.0	0.0	0.0	1.0	3.0	-1000.0	-1000.0	-1000.0	-1000.0	1000.0	1000.0	1000.0	1000.0	10.000000000000023	0.1	1.0	1000.0	0.0	0.1	-11.413254986605924	-18.586745013394076	-2.0716473447235296e-26	-100.00000000000023	0.0	0.0	0.0	0.0	1000.0	1000.0	1000.0	1000.0
10.700000000000001	10.700000000000001	1.2360923017569767	1.7639076982430235	0.0	0.0	0.0	0.0	0.0	0.0	0.0	2.0716473447235296e-27	10.000000000000023	0.0	0.0	0.0	0.0	0.9463492746479544	0.0	0.0	0.0	0.0	0.0	0.0	0.0	1.0	3.0	-1000.0	-1000.0	-1000.0	-1000.0	1000.0	1000.0	1000.0	1000.0	10.000000000000023	0.1	1.0	1000.0	0.0	0.1	-12.360923017569766	-17.639076982430232	-2.0716473447235296e-26	-100.00000000000023	0.0	0.0	0.0	0.0	1000.0	1000.0	1000.0	1000.0
10.8	10.8	1.3305863824185047	1.6694136175814955	0.0	0.0	0.0	0.0	0.0	0.0	0.0	2.0716473447235296e-27	10.000000000000023	0.0	0.0	0.0	0.0	0.9434841017349669	0.0	0.0	0.0	0.0	0.0	0.0	0.0	1.0	3.0	-1000.0	-1000.0	-1000.0	-1000.0	1000.0	1000.0	1000.0	1000.0	10.000000000000023	0.1	1.0	1000.0	0.0	0.1	-13.305863824185046	-16.694136175814954	-2.0716473447235296e-26	-100.00000000000023	0.0	0.0	0.0	0.0	1000.0	1000.0	1000.0	1000.0
10.9	10.9	1.424778714758628	1.5752212852413723	0.0	0.0	0.0	0.0	0.0	0.0	0.0	2.0716473447235296e-27	10.000000000000023	0.0	0.0	0.0	0.0	0.9403063936203558	0.0	0.0	0.0	0.0	0.0	0.0	0.0	1.0	3.0	-1000.0	-1000.0	-1000.0	-1000.0	1000.0	1000.0	1000.0	1000.0	10.000000000000023	0.1	1.0	1000.0	0.0	0.1	-14.247787147586278	-15.752212852413722	-2.0716473447235296e-26	-100.00000000000023	0.0	0.0	0.0	0.0	1000.0	1000.0	1000.0	1000.0
11.0	11.0	1.5186355008527497	1.4813644991472505	0.0	0.0	0.0	0.0	0.0	0.0	0.0	2.0716473447235296e-27	10.000000000000023	0.0	0.0	0.0	0.0	0.9367634722709881	0.0	0.0	0.0	0.0	0.0	0.0	0.0	1.0	3.0	-1000.0	-1000.0	-1000.0	-1000.0	1000.0	1000.0	1000.0	1000.0	10.000000000000023	0.1	1.0	1000.0	0.0	0.1	-15.186355008527496	-14.813644991472504	-2.0716473447235296e-26	-100.00000000000023	0.0	0.0	0.0	0.0	1000.0	1000.0	1000.0	1000.0
11.100000000000001	11.100000000000001	1.612117088726506	1.3878829112734943	0.0	0.0	0.0	0.0	0.0	0.0	0.0	2.0716473447235296e-27	10.000000000000023	0.0	0.0	0.0	0.0	0.9327904102921586	0.0	0.0	0.0	0.0	0.0	0.0	0.0	1.0	3.0	-1000.0	-1000.0	-1000.0	-1000.0	1000.0	1000.0	1000.0	1000.0	10.000000000000023	0.1	1.0	1000.0	0.0	0.1	-16.12117088726506	-13.878829112734943	-2.0716473447235296e-26	-100.00000000000023	0.0	0.0	0.0	0.0	1000.0	1000.0	1000.0	1000.0
11.200000000000001	11.200000000000001	1.7051765723185353	1.294823427681465	0.0	0.0	0.0	0.0	0.0	0.0	0.0	2.0716473447235296e-27	10.000000000000023	0.0	0.0	0.0	0.0	0.928306337551109	0.0	0.0	0.0	0.0	0.0	0.0	0.0	1.0	3.0	-1000.0	-1000.0	-1000.0	-1000.0	1000.0	1000.0	1000.0	1000.0	10.000000000000023	0.1	1.0	1000.0	0.0	0.1	-17.05176572318535	-12.948234276814649	-2.0716473447235296e-26	-100.00000000000023	0.0	0.0	0.0	0.0	1000.0	1000.0	1000.0	1000.0
11.3	11.3	1.7977579569391413	1.202242043060859	0.0	0.0	0.0	0.0	0.0	0.0	0.0	2.0716473447235296e-27	10.000000000000023	0.0	0.0	0.0	0.0	0.9232093599397584	0.0	0.0	0.0	0.0	0.0	0.0	0.0	1.0	3.0	-1000.0	-1000.0	-1000.0	-1000.0	1000.0	1000.0	1000.0	1000.0	10.000000000000023	0.1	1.0	1000.0	0.0	0.1	-17.977579569391413	-12.02242043060859	-2.0716473447235296e-26	-100.00000000000023	0.0	0.0	0.0	0.0	1000.0	1000.0	1000.0	1000.0
11.4	11.4	1.889793722064643	1.1102062779353572	0.0	0.0	0.0	0.0	0.0	0.0	0.0	2.0716473447235296e-27	10.000000000000023	0.0	0.0	0.0	0.0	0.9173694585599055	0.0	0.0	0.0	0.0	0.0	0.0	0.0	1.0	3.0	-1000.0	-1000.0	-1000.0	-1000.0	1000.0	1000.0	1000.0	1000.0	10.000000000000023	0.1	1.0	1000.0	0.0	0.1	-18.89793722064643	-11.102062779353572	-2.0716473447235296e-26	-100.00000000000023	0.0	0.0	0.0	0.0	1000.0	1000.0	1000.0	1000.0
11.5	11.5	1.9812015344587812	1.018798465541219	0.0	0.0	0.0	0.0	0.0	0.0	0.0	2.0716473447235296e-27	10.000000000000023	0.0	0.0	0.0	0.0	0.9106183972538565	0.0	0.0	0.0	0.0	0.0	0.0	0.0	1.0	3.0	-1000.0	-1000.0	-1000.0	-1000.0	1000.0	1000.0	1000.0	1000.0	10.000000000000023	0.1	1.0	1000.0	0.0	0.1	-19.81201534458781	-10.187984655412189	-2.0716473447235296e-26	-100.00000000000023	0.0	0.0	0.0	0.0	1000.0	1000.0	1000.0	1000.0
11.600000000000001	11.600000000000001	2.071879742034204	0.9281202579657951	0.0	0.0	0.0	0.0	0.0	0.0	0.0	2.0716473447235296e-27	10.000000000000023	0.0	0.0	0.0	0.0	0.9027351136939401	0.0	0.0	0.0	0.0	0.0	0.0	0.0	1.0	2.999999999999999	-1000.0	-1000.0	-1000.0	-1000.0	1000.0	1000.0	1000.0	1000.0	10.000000000000023	0.1	1.0	1000.0	0.0	0.1	-20.71879742034204	-9.28120257965795	-2.0716473447235296e-26	-100.00000000000023	0.0	0.0	0.0	0.0	1000.0	1000.0	1000.0	1000.0
11.700000000000001	11.700000000000001	2.1617010845517264	0.8382989154482743	0.0	0.0	0.0	0.0	0.0	0.0	0.0	2.0716473447235296e-27	10.000000000000023	0.0	0.0	0.0	0.0	0.8934241547617853	0.0	0.0	0.0	0.0	0.0	0.0	0.0	1.0	3.000000000000001	-1000.0	-1000.0	-1000.0	-1000.0	1000.0	1000.0	1000.0	1000.0	10.000000000000023	0.1	1.0	1000.0	0.0	0.1	-21.617010845517264	-8.382989154482742	-2.0716473447235296e-26	-100.00000000000023	0.0	0.0	0.0	0.0	1000.0	1000.0	1000.0	1000.0
11.8	11.8	2.250503743102253	0.7494962568977486	0.0	0.0	0.0	0.0	0.0	0.0	0.0	2.0716473447235296e-27	10.000000000000023	0.0	0.0	0.0	0.0	0.8822831776031749	0.0	0.0	0.0	0.0	0.0	0.0	0.0	1.0	3.0000000000000018	-1000.0	-1000.0	-1000.0	-1000.0	1000.0	1000.0	1000.0	1000.0	10.000000000000023	0.1	1.0	1000.0	0.0	0.1	-22.50503743102253	-7.494962568977486	-2.0716473447235296e-26	-100.00000000000023	0.0	0.0	0.0	0.0	1000.0	1000.0	1000.0	1000.0
11.9	11.9	2.338078332892664	0.6619216671073386	0.0	0.0	0.0	0.0	0.0	0.0	0.0	2.0716473447235296e-27	10.000000000000023	0.0	0.0	0.0	0.0	0.8687529121206733	0.0	0.0	0.0	0.0	0.0	0.0	0.0	1.0	3.0000000000000027	-1000.0	-1000.0	-1000.0	-1000.0	1000.0	1000.0	1000.0	1000.0	10.000000000000023	0.1	1.0	1000.0	0.0	0.1	-23.38078332892664	-6.619216671073385	-2.0716473447235296e-26	-100.00000000000023	0.0	0.0	0.0	0.0	1000.0	1000.0	1000.0	1000.0
12.0	12.0	2.4241485786072325	0.5758514213927689	0.0	0.0	0.0	0.0	0.0	0.0	0.0	2.0716473447235296e-27	10.000000000000023	0.0	0.0	0.0	0.0	0.8520384853316965	0.0	0.0	0.0	0.0	0.0	0.0	0.0	1.0	3.0000000000000013	-1000.0	-1000.0	-1000.0	-1000.0	1000.0	1000.0	1000.0	1000.0	10.000000000000023	0.1	1.0	1000.0	0.0	0.1	-24.241485786072325	-5.758514213927689	-2.0716473447235296e-26	-100.00000000000023	0.0	0.0	0.0	0.0	1000.0	1000.0	1000.0	1000.0
12.100000000000001	12.100000000000001	2.5083419551644686	0.49165804483553127	0.0	0.0	0.0	0.0	0.0	0.0	0.0	2.0716473447235296e-27	10.000000000000023	0.0	0.0	0.0	0.0	0.8309834525654123	0.0	0.0	0.0	0.0	0.0	0.0	0.0	1.0	3.0	-1000.0	-1000.0	-1000.0	-1000.0	1000.0	1000.0	1000.0	1000.0	10.000000000000023	0.1	1.0	1000.0	0.0	0.1	-25.083419551644685	-4.916580448355313	-2.0716473447235296e-26	-100.00000000000023	0.0	0.0	0.0	0.0	1000.0	1000.0	1000.0	1000.0
12.200000000000001	12.200000000000001	2.590144159656864	0.4098558403431352	0.0	0.0	0.0	0.0	0.0	0.0	0.0	2.0716473447235296e-27	10.000000000000023	0.0	0.0	0.0	0.0	0.803866128251665	0.0	0.0	0.0	0.0	0.0	0.0	0.0	1.0	2.9999999999999996	-1000.0	-1000.0	-1000.0	-1000.0	1000.0	1000.0	1000.0	1000.0	10.000000000000023	0.1	1.0	1000.0	0.0	0.1	-25.90144159656864	-4.098558403431352	-2.0716473447235296e-26	-100.00000000000023	0.0	0.0	0.0	0.0	1000.0	1000.0	1000.0	1000.0
12.3	12.3	2.6688275380411652	0.33117246195883415	0.0	0.0	0.0	0.0	0.0	0.0	0.0	2.0716473447235296e-27	10.000000000000023	0.0	0.0	0.0	0.0	0.7680742421589358	0.0	0.0	0.0	0.0	0.0	0.0	0.0	1.0	2.9999999999999996	-1000.0	-1000.0	-1000.0	-1000.0	1000.0	1000.0	1000.0	1000.0	10.000000000000023	0.1	1.0	1000.0	0.0	0.1	-26.68827538041165	-3.3117246195883414	-2.0716473447235296e-26	-100.00000000000023	0.0	0.0	0.0	0.0	1000.0	1000.0	1000.0	1000.0
12.4	12.4	2.7433391623200243	0.2566608376799723	0.0	0.0	0.0	0.0	0.0	0.0	0.0	2.0716473447235296e-27	10.000000000000023	0.0	0.0	0.0	0.0	0.7196215860129593	0.0	0.0	0.0	0.0	0.0	0.0	0.0	1.0	2.9999999999999964	-1000.0	-1000.0	-1000.0	-1000.0	1000.0	1000.0	1000.0	1000.0	10.000000000000023	0.1	1.0	1000.0	0.0	0.1	-27.43339162320024	-2.5666083767997225	-2.0716473447235296e-26	-100.00000000000023	0.0	0.0	0.0	0.0	1000.0	1000.0	1000.0	1000.0
12.5	12.5	2.812135634823988	0.18786436517601113	0.0	0.0	0.0	0.0	0.0	0.0	0.0	2.0716473447235296e-27	10.000000000000023	0.0	0.0	0.0	0.0	0.6526141749470928	0.0	0.0	0.0	0.0	0.0	0.0	0.0	1.0	2.999999999999999	-1000.0	-1000.0	-1000.0	-1000.0	1000.0	1000.0	1000.0	1000.0	10.000000000000023	0.1	1.0	1000.0	0.0	0.1	-28.12135634823988	-1.8786436517601113	-2.0716473447235296e-26	-100.00000000000023	0.0	0.0	0.0	0.0	1000.0	1000.0	1000.0	1000.0
12.600000000000001	12.600000000000001	2.8729901080452795	0.1270098919547216	0.0	0.0	0.0	0.0	0.0	0.0	0.0	2.0716473447235296e-27	10.000000000000023	0.0	0.0	0.0	0.0	0.5594905616714466	0.0	0.0	0.0	0.0	0.0	0.0	0.0	1.0	3.0000000000000013	-1000.0	-1000.0	-1000.0	-1000.0	1000.0	1000.0	1000.0	1000.0	10.000000000000023	0.1	1.0	1000.0	0.0	0.1	-28.729901080452795	-1.2700989195472159	-2.0716473447235296e-26	-100.00000000000023	0.0	0.0	0.0	0.0	1000.0	1000.0	1000.0	1000.0
12.700000000000001	12.700000000000001	2.922975702789262	0.07702429721074262	0.0	0.0	0.0	0.0	0.0	0.0	0.0	2.0716473447235296e-27	10.000000000000023	0.0	0.0	0.0	0.0	0.4351057929581682	0.0	0.0	0.0	0.0	0.0	0.0	0.0	1.0	3.0000000000000044	-1000.0	-1000.0	-1000.0	-1000.0	1000.0	1000.0	1000.0	1000.0	10.000000000000023	0.1	1.0	1000.0	0.0	0.1	-29.229757027892617	-0.7702429721074262	-2.0716473447235296e-26	-100.00000000000023	0.0	0.0	0.0	0.0	1000.0	1000.0	1000.0	1000.0
12.8	12.8	2.9592671355231657	0.040732864476837875	0.0	0.0	0.0	0.0	0.0	0.0	0.0	2.0716473447235296e-27	10.000000000000023	0.0	0.0	0.0	0.0	0.289433918852279	0.0	0.0	0.0	0.0	0.0	0.0	0.0	1.0	3.0000000000000036	-1000.0	-1000.0	-1000.0	-1000.0	1000.0	1000.0	1000.0	1000.0	10.000000000000023	0.1	1.0	1000.0	0.0	0.1	-29.592671355231655	-0.4073286447683787	-2.0716473447235296e-26	-100.00000000000023	0.0	0.0	0.0	0.0	1000.0	1000.0	1000.0	1000.0
12.9	12.9	2.98131826131951	0.018681738680493967	0.0	0.0	0.0	0.0	0.0	0.0	0.0	2.0716473447235296e-27	10.000000000000023	0.0	0.0	0.0	0.0	0.1574103892325637	0.0	0.0	0.0	0.0	0.0	0.0	0.0	1.0	3.000000000000004	-1000.0	-1000.0	-1000.0	-1000.0	1000.0	1000.0	1000.0	1000.0	10.000000000000023	0.1	1.0	1000.0	0.0	0.1	-29.8131826131951	-0.18681738680493964	-2.0716473447235296e-26	-100.00000000000023	0.0	0.0	0.0	0.0	1000.0	1000.0	1000.0	1000.0
13.0	13.0	2.992327525760599	0.007672474239407975	0.0	0.0	0.0	0.0	0.0	0.0	0.0	2.0716473447235296e-27	10.000000000000023	0.0	0.0	0.0	0.0	0.07125752699198083	0.0	0.0	0.0	0.0	0.0	0.0	0.0	1.0	3.000000000000007	-1000.0	-1000.0	-1000.0	-1000.0	1000.0	1000.0	1000.0	1000.0	10.000000000000023	0.1	1.0	1000.0	0.0	0.1	-29.92327525760599	-0.07672474239407974	-2.0716473447235296e-26	-100.00000000000023	0.0	0.0	0.0	0.0	1000.0	1000.0	1000.0	1000.0
13.100000000000001	13.100000000000001	2.997041222669259	0.002958777330749931	0.0	0.0	0.0	0.0	0.0	0.0	0.0	2.0716473447235296e-27	10.000000000000023	0.0	0.0	0.0	0.0	0.028737494825186262	0.0	0.0	0.0	0.0	0.0	0.0	0.0	1.0	3.000000000000009	-1000.0	-1000.0	-1000.0	-1000.0	1000.0	1000.0	1000.0	1000.0	10.000000000000023	0.1	1.0	1000.0	0.0	0.1	-29.970412226692588	-0.02958777330749931	-2.0716473447235296e-26	-100.00000000000023	0.0	0.0	0.0	0.0	1000.0	1000.0	1000.0	1000.0
13.200000000000001	13.200000000000001	2.998891202694469	0.0011087973055370632	0.0	0.0	0.0	0.0	0.0	0.0	0.0	2.0716473447235296e-27	10.000000000000023	0.0	0.0	0.0	0.0	0.010966378149929212	0.0	0.0	0.0	0.0	0.0	0.0	0.0	1.0	3.000000000000006	-1000.0	-1000.0	-1000.0	-1000.0	1000.0	1000.0	1000.0	1000.0	10.000000000000023	0.1	1.0	1000.0	0.0	0.1	-29.98891202694469	-0.011087973055370631	-2.0716473447235296e-26	-100.00000000000023	0.0	0.0	0.0	0.0	1000.0	1000.0	1000.0	1000.0
13.3	13.3	2.9995892389899375	0.00041076101006640517	0.0	0.0	0.0	0.0	0.0	0.0	0.0	2.0716473447235296e-27	10.000000000000023	0.0	0.0	0.0	0.0	0.004090806661899768	0.0	0.0	0.0	0.0	0.0	0.0	0.0	1.0	3.000000000000004	-1000.0	-1000.0	-1000.0	-1000.0	1000.0	1000.0	1000.0	1000.0	10.000000000000023	0.1	1.0	1000.0	0.0	0.1	-29.995892389899375	-0.004107610100664051	-2.0716473447235296e-26	-100.00000000000023	0.0	0.0	0.0	0.0	1000.0	1000.0	1000.0	1000.0
13.4	13.4	2.9998484971943897	0.0001515028056126264	0.0	0.0	0.0	0.0	0.0	0.0	0.0	2.0716473447235296e-27	10.000000000000023	0.0	0.0	0.0	0.0	0.0015127362183139997	0.0	0.0	0.0	0.0	0.0	0.0	0.0	1.0	3.000000000000002	-1000.0	-1000.0	-1000.0	-1000.0	1000.0	1000.0	1000.0	1000.0	10.000000000000023	0.1	1.0	1000.0	0.0	0.1	-29.998484971943896	-0.0015150280561262639	-2.0716473447235296e-26	-100.00000000000023	0.0	0.0	0.0	0.0	1000.0	1000.0	1000.0	1000.0
13.5	13.5	2.999944211860647	5.578813935771444e-05	0.0	0.0	0.0	0.0	0.0	0.0	0.0	2.0716473447235296e-27	10.000000000000023	0.0	0.0	0.0	0.0	0.0005575703354613799	0.0	0.0	0.0	0.0	0.0	0.0	0.0	1.0	3.000000000000005	-1000.0	-1000.0	-1000.0	-1000.0	1000.0	1000.0	1000.0	1000.0	10.000000000000023	0.1	1.0	1000.0	0.0	0.1	-29.999442118606467	-0.0005578813935771444	-2.0716473447235296e-26	-100.00000000000023	0.0	0.0	0.0	0.0	1000.0	1000.0	1000.0	1000.0
13.600000000000001	13.600000000000001	2.99997946945316	2.0530546844859253e-05	0.0	0.0	0.0	0.0	0.0	0.0	0.0	2.0716473447235296e-27	10.000000000000023	0.0	0.0	0.0	0.0	0.00020526332676513566	0.0	0.0	0.0	0.0	0.0	0.0	0.0	1.0	3.000000000000005	-1000.0	-1000.0	-1000.0	-1000.0	1000.0	1000.0	1000.0	1000.0	10.000000000000023	0.1	1.0	1000.0	0.0	0.1	-29.999794694531598	-0.00020530546844859253	-2.0716473447235296e-26	-100.00000000000023	0.0	0.0	0.0	0.0	1000.0	1000.0	1000.0	1000.0
13.700000000000001	13.700000000000001	2.9999924462537173	7.553746287108906e-06	0.0	0.0	0.0	0.0	0.0	0.0	0.0	2.0716473447235296e-27	10.000000000000023	0.0	0.0	0.0	0.0	7.553175739376933e-05	0.0	0.0	0.0	0.0	0.0	0.0	0.0	1.0	3.0000000000000044	-1000.0	-1000.0	-1000.0	-1000.0	1000.0	1000.0	1000.0	1000.0	10.000000000000023	0.1	1.0	1000.0	0.0	0.1	-29.999924462537173	-7.553746287108905e-05	-2.0716473447235296e-26	-100.00000000000023	0.0	0.0	0.0	0.0	1000.0	1000.0	1000.0	1000.0
13.8	13.8	2.9999972209993384	2.7790006676573695e-06	0.0	0.0	0.0	0.0	0.0	0.0	0.0	2.0716473447235296e-27	10.000000000000023	0.0	0.0	0.0	0.0	2.7789234413563804e-05	0.0	0.0	0.0	0.0	0.0	0.0	0.0	1.0	3.000000000000006	-1000.0	-1000.0	-1000.0	-1000.0	1000.0	1000.0	1000.0	1000.0	10.000000000000023	0.1	1.0	1000.0	0.0	0.1	-29.999972209993384	-2.7790006676573695e-05	-2.0716473447235296e-26	-100.00000000000023	0.0	0.0	0.0	0.0	1000.0	1000.0	1000.0	1000.0
13.9	13.9	2.99999897764483	1.022355177132331e-06	0.0	0.0	0.0	0.0	0.0	0.0	0.0	2.0716473447235296e-27	10.000000000000023	0.0	0.0	0.0	0.0	1.0223447251381054e-05	0.0	0.0	0.0	0.0	0.0	0.0	0.0	1.0	3.000000000000007	-1000.0	-1000.0	-1000.0	-1000.0	1000.0	1000.0	1000.0	1000.0	10.000000000000023	0.1	1.0	1000.0	0.0	0.1	-29.9999897764483	-1.0223551771323309e-05	-2.0716473447235296e-26	-100.00000000000023	0.0	0.0	0.0	0.0	1000.0	1000.0	1000.0	1000.0
14.0	14.0	2.9999996238941313	3.7610587421148344e-07	0.0	0.0	0.0	0.0	0.0	0.0	0.0	2.0716473447235296e-27	10.000000000000023	0.0	0.0	0.0	0.0	3.7610445966051746e-06	0.0	0.0	0.0	0.0	0.0	0.0	0.0	1.0	3.0000000000000053	-1000.0	-1000.0	-1000.0	-1000.0	1000.0	1000.0	1000.0	1000.0	10.000000000000023	0.1	1.0	1000.0	0.0	0.1	-29.99999623894131	-3.7610587421148343e-06	-2.0716473447235296e-26	-100.00000000000023	0.0	0.0	0.0	0.0	1000.0	1000.0	1000.0	1000.0
14.100000000000001	14.100000000000001	2.999999861638057	1.383619483388544e-07	0.0	0.0	0.0	0.0	0.0	0.0	0.0	2.0716473447235296e-27	10.000000000000023	0.0	0.0	0.0	0.0	1.3836175689883178e-06	0.0	0.0	0.0	0.0	0.0	0.0	0.0	1.0	3.0000000000000053	-1000.0	-1000.0	-1000.0	-1000.0	1000.0	1000.0	1000.0	1000.0	10.000000000000023	0.1	1.0	1000.0	0.0	0.1	-29.99999861638057	-1.3836194833885438e-06	-2.0716473447235296e-26	-100.00000000000023	0.0	0.0	0.0	0.0	1000.0	1000.0	1000.0	1000.0
14.200000000000001	14.200000000000001	2.999999949099465	5.0900539142089395e-08	0.0	0.0	0.0	0.0	0.0	0.0	0.0	2.0716473447235296e-27	10.000000000000023	0.0	0.0	0.0	0.0	5.090051323345373e-07	0.0	0.0	0.0	0.0	0.0	0.0	0.0	1.0	3.0000000000000044	-1000.0	-1000.0	-1000.0	-1000.0	1000.0	1000.0	1000.0	1000.0	10.000000000000023	0.1	1.0	1000.0	0.0	0.1	-29.99999949099465	-5.090053914208939e-07	-2.0716473447235296e-26	-100.00000000000023	0.0	0.0	0.0	0.0	1000.0	1000.0	1000.0	1000.0
14.3	14.3	2.9999999812747546	1.872524815571172e-08	0.0	0.0	0.0	0.0	0.0	0.0	0.0	2.0716473447235296e-27	10.000000000000023	0.0	0.0	0.0	0.0	1.8725244649363192e-07	0.0	0.0	0.0	0.0	0.0	0.0	0.0	1.0	3.0000000000000027	-1000.0	-1000.0	-1000.0	-1000.0	1000.0	1000.0	1000.0	1000.0	10.000000000000023	0.1	1.0	1000.0	0.0	0.1	-29.999999812747546	-1.872524815571172e-07	-2.0716473447235296e-26	-100.00000000000023	0.0	0.0	0.0	0.0	1000.0	1000.0	1000.0	1000.0
14.4	14.4	2.9999999931113783	6.888624193646667e-09	0.0	0.0	0.0	0.0	0.0	0.0	0.0	2.0716473447235296e-27	10.000000000000023	0.0	0.0	0.0	0.0	6.888623719115266e-08	0.0	0.0	0.0	0.0	0.0	0.0	0.0	1.0	3.0000000000000027	-1000.0	-1000.0	-1000.0	-1000.0	1000.0	1000.0	1000.0	1000.0	10.000000000000023	0.1	1.0	1000.0	0.0	0.1	-29.99999993111378	-6.888624193646667e-08	-2.0716473447235296e-26	-100.00000000000023	0.0	0.0	0.0	0.0	1000.0	1000.0	1000.0	1000.0
14.5	14.5	2.9999999974658227	2.534180216904312e-09	0.0	0.0	0.0	0.0	0.0	0.0	0.0	2.0716473447235296e-27	10.000000000000023	0.0	0.0	0.0	0.0	2.5341801526836198e-08	0.0	0.0	0.0	0.0	0.0	0.0	0.0	1.0	3.000000000000003	-1000.0	-1000.0	-1000.0	-1000.0	1000.0	1000.0	1000.0	1000.0	10.000000000000023	0.1	1.0	1000.0	0.0	0.1	-29.999999974658227	-2.534180216904312e-08	-2.0716473447235296e-26	-100.00000000000023	0.0	0.0	0.0	0.0	1000.0	1000.0	1000.0	1000.0
14.600000000000001	14.600000000000001	2.999999999067734	9.322679143517682e-10	0.0	0.0	0.0	0.0	0.0	0.0	0.0	2.0716473447235296e-27	10.000000000000023	0.0	0.0	0.0	0.0	9.322679056605336e-09	0.0	0.0	0.0	0.0	0.0	0.0	0.0	1.0	3.000000000000002	-1000.0	-1000.0	-1000.0	-1000.0	1000.0	1000.0	1000.0	1000.0	10.000000000000023	0.1	1.0	1000.0	0.0	0.1	-29.999999990677342	-9.322679143517681e-09	-2.0716473447235296e-26	-100.00000000000023	0.0	0.0	0.0	0.0	1000.0	1000.0	1000.0	1000.0
14.700000000000001	14.700000000000001	2.9999999996570264	3.429746326135902e-10	0.0	0.0	0.0	0.0	0.0	0.0	0.0	2.0716473447235296e-27	10.000000000000023	0.0	0.0	0.0	0.0	3.4297463143727422e-09	0.0	0.0	0.0	0.0	0.0	0.0	0.0	1.0	3.000000000000001	-1000.0	-1000.0	-1000.0	-1000.0	1000.0	1000.0	1000.0	1000.0	10.000000000000023	0.1	1.0	1000.0	0.0	0.1	-29.999999996570264	-3.429746326135902e-09	-2.0716473447235296e-26	-100.00000000000023	0.0	0.0	0.0	0.0	1000.0	1000.0	1000.0	1000.0
14.8	14.8	2.9999999998738156	1.2618313688834527e-10	0.0	0.0	0.0	0.0	0.0	0.0	0.0	2.0716473447235296e-27	10.000000000000023	0.0	0.0	0.0	0.0	1.2618313672912342e-09	0.0	0.0	0.0	0.0	0.0	0.0	0.0	1.0	2.9999999999999987	-1000.0	-1000.0	-1000.0	-1000.0	1000.0	1000.0	1000.0	1000.0	10.000000000000023	0.1	1.0	1000.0	0.0	0.1	-29.999999998738154	-1.2618313688834527e-09	-2.0716473447235296e-26	-100.00000000000023	0.0	0.0	0.0	0.0	1000.0	1000.0	1000.0	1000.0
14.9	14.9	2.9999999999535776	4.642106991363616e-11	0.0	0.0	0.0	0.0	0.0	0.0	0.0	2.0716473447235296e-27	10.000000000000023	0.0	0.0	0.0	0.0	4.6421069892087e-10	0.0	0.0	0.0	0.0	0.0	0.0	0.0	1.0	2.9999999999999987	-1000.0	-1000.0	-1000.0	-1000.0	1000.0	1000.0	1000.0	1000.0	10.000000000000023	0.1	1.0	1000.0	0.0	0.1	-29.999999999535774	-4.642106991363616e-10	-2.0716473447235296e-26	-100.00000000000023	0.0	0.0	0.0	0.0	1000.0	1000.0	1000.0	1000.0
15.0	15.0	2.9999999999829243	1.7074357073834223e-11	0.0	0.0	0.0	0.0	0.0	0.0	0.0	2.0716473447235296e-27	10.000000000000023	0.0	0.0	0.0	0.0	1.7074357070918886e-10	0.0	0.0	0.0	0.0	0.0	0.0	0.0	1.0	2.9999999999999987	-1000.0	-1000.0	-1000.0	-1000.0	1000.0	1000.0	1000.0	1000.0	10.000000000000023	0.1	1.0	1000.0	0.0	0.1	-29.999999999829242	-1.7074357073834222e-10	-2.0716473447235296e-26	-100.00000000000023	0.0	0.0	0.0	0.0	1000.0	1000.0	1000.0	1000.0
